CGPA,AptitudeScore,CommunicationSkill,Attendance,Projects,Internship,Certifications,CodingSkill,Placement
7.34,55.2,2,45.1,2,0,0,7,0
5.86,52.0,3,72.6,6,0,5,2,0
7.83,68.5,3,70.6,0,0,8,4,0
8.03,65.8,4,79.8,8,1,9,2,1
4.85,40.9,3,84.7,0,1,3,4,0
5.57,78.8,6,91.5,10,1,0,3,1
7.14,60.6,2,69.5,9,1,1,8,1
6.65,45.3,7,85.0,6,0,3,8,1
6.98,79.8,4,80.3,10,0,4,9,1
6.06,71.4,7,57.5,8,0,3,3,0
7.97,43.0,6,100.0,1,0,0,1,0
7.86,88.7,10,60.7,8,0,3,1,1
7.07,71.9,5,83.0,4,0,3,9,0
8.24,61.8,3,82.7,9,0,5,10,0
7.51,85.9,6,81.3,9,0,0,3,1
6.05,64.4,7,72.1,10,1,8,9,1
7.41,61.6,5,87.9,4,1,4,6,1
5.95,52.1,6,59.3,2,1,3,2,0
7.97,70.7,5,77.2,1,0,9,4,0
6.95,69.1,4,71.2,1,0,8,3,0
6.8,62.2,4,69.9,10,1,1,8,1
6.25,50.2,10,83.1,6,1,1,2,1
8.34,63.9,7,90.9,3,0,0,2,0
6.83,61.0,1,73.9,4,0,6,8,0
6.53,42.0,10,87.4,1,0,3,4,0
6.61,39.9,8,78.6,6,1,4,3,1
7.59,70.5,1,67.3,4,1,5,9,0
7.4,23.0,8,74.9,8,0,5,10,1
7.45,65.1,6,74.4,0,0,0,6,0
7.47,54.8,10,69.6,10,0,1,9,1
9.36,81.6,5,83.1,0,0,8,9,1
6.55,54.6,6,80.8,4,1,10,6,1
6.44,71.9,4,58.9,3,0,9,9,0
6.1,56.0,4,58.2,7,0,9,1,0
7.68,63.7,7,83.1,7,0,5,1,1
8.24,73.1,9,68.2,2,1,9,9,1
6.87,55.1,9,81.6,5,0,9,2,1
6.08,76.9,8,87.4,5,0,9,8,1
6.09,47.1,7,62.7,5,1,1,5,1
7.72,66.4,6,61.1,0,1,1,8,1
7.82,75.8,4,98.1,1,1,4,7,1
7.6,71.9,8,82.2,5,1,5,1,1
6.27,90.7,4,73.0,2,0,10,4,0
7.26,50.5,3,66.8,5,1,3,8,1
7.13,41.3,9,71.9,1,1,9,10,0
7.24,47.1,6,63.7,8,0,9,9,0
7.96,71.9,4,88.6,2,1,10,9,1
7.25,69.5,9,68.7,7,0,2,10,1
7.75,63.5,10,91.1,9,0,2,9,1
7.07,45.2,4,73.2,3,0,2,6,0
7.32,73.5,6,65.5,1,0,8,4,0
7.69,43.6,5,72.9,0,1,7,6,1
5.4,79.4,8,46.5,3,0,4,8,1
6.65,100.0,10,76.6,1,0,0,5,1
6.48,67.5,6,76.0,9,0,5,9,1
6.3,70.7,8,87.9,10,0,8,8,1
6.7,54.6,6,55.4,10,0,5,3,0
8.64,34.8,9,91.9,10,0,2,10,1
6.05,53.0,5,87.8,6,1,6,9,1
8.07,45.6,4,93.0,3,1,7,6,1
5.15,40.3,5,77.4,4,0,6,2,0
6.63,87.8,10,90.2,2,1,9,3,1
7.18,66.1,7,60.3,9,1,3,9,1
7.64,67.7,2,86.6,4,1,6,1,0
7.78,57.4,1,68.7,4,0,9,5,0
7.87,59.4,6,58.2,7,0,2,7,0
6.62,76.5,9,64.5,4,1,3,3,1
6.49,61.5,5,78.1,3,0,0,9,0
7.94,70.0,6,68.1,2,0,4,6,0
6.79,59.1,8,82.5,0,1,0,1,1
5.6,56.9,6,56.3,0,0,8,4,0
5.75,40.9,10,52.5,4,1,0,4,1
5.99,32.3,7,94.5,10,0,7,3,0
7.55,58.1,8,88.8,2,1,6,10,1
7.16,62.8,8,65.4,7,0,10,4,1
7.76,42.7,7,78.0,3,0,3,6,0
6.53,61.5,1,90.2,3,1,3,6,1
7.17,62.8,5,83.0,1,0,2,3,0
7.69,29.7,2,79.8,6,1,5,6,1
6.66,48.3,6,91.1,7,1,2,4,1
7.5,68.1,2,69.2,3,0,1,1,0
6.27,67.8,6,78.4,5,0,10,5,1
6.6,44.7,4,77.8,5,1,7,6,1
6.58,64.4,1,74.7,2,1,1,2,1
5.68,77.3,2,73.3,7,1,6,8,1
7.54,73.7,6,78.9,6,0,3,7,0
6.48,60.6,1,78.4,0,1,1,4,0
7.01,55.0,9,65.4,5,0,5,6,1
7.53,52.6,8,87.6,4,1,8,4,1
7.49,69.0,8,66.3,8,0,0,7,1
7.73,64.9,2,75.4,3,0,3,2,1
6.89,71.4,8,74.5,10,1,10,7,1
6.53,64.0,7,82.3,6,1,4,1,1
6.91,74.3,4,52.6,1,0,1,1,0
5.14,63.4,1,88.7,4,1,4,3,1
5.41,73.8,6,69.9,9,0,7,2,1
5.55,75.1,8,92.6,2,0,10,5,1
5.9,49.9,1,72.3,7,0,6,2,1
7.44,34.9,1,77.4,8,0,0,3,0
6.0,85.2,4,100.0,7,0,8,1,1
6.58,65.8,6,74.7,0,0,8,9,1
8.43,36.3,5,92.9,4,0,7,8,1
6.61,51.3,5,78.5,3,1,9,3,0
7.81,73.6,3,83.0,3,1,8,2,1
5.97,57.8,1,78.8,9,1,2,9,0
6.77,54.3,1,88.2,0,0,4,7,0
5.95,83.0,1,69.8,5,1,5,9,1
6.63,46.3,7,66.2,10,0,5,2,0
7.92,50.0,8,70.3,9,1,7,4,1
5.1,65.2,5,79.2,6,0,7,2,0
7.48,67.9,1,75.4,10,0,1,5,0
7.26,69.4,5,86.5,4,0,6,2,1
6.35,75.7,10,93.7,6,1,0,1,1
5.41,65.0,3,66.3,5,1,5,6,1
7.08,69.3,5,69.2,0,1,4,10,1
6.42,58.1,6,60.8,0,1,2,7,0
7.26,62.9,4,100.0,9,1,10,8,1
7.02,63.6,5,81.7,1,0,2,9,0
8.76,65.2,5,83.8,3,1,0,10,1
6.74,73.6,5,61.9,6,0,3,2,0
5.87,70.3,8,78.0,6,0,8,3,1
7.2,62.7,6,84.1,5,0,0,7,0
7.24,49.9,1,75.0,10,1,5,9,1
8.5,63.0,1,90.9,8,1,4,8,1
7.92,61.6,5,100.0,10,0,9,8,1
7.39,64.9,10,66.6,7,0,0,4,1
8.61,95.1,1,65.7,10,0,0,4,1
5.69,54.1,1,67.5,6,1,6,1,1
6.3,68.3,7,97.3,5,1,1,4,1
5.98,78.0,5,90.5,8,0,7,2,1
6.57,63.5,3,76.4,9,0,3,10,1
5.49,97.1,3,78.4,0,0,6,1,0
7.7,56.3,7,68.2,10,0,0,4,1
6.76,66.9,6,88.7,7,0,7,9,1
5.38,50.0,7,73.4,9,0,5,10,1
5.88,56.7,3,74.9,7,0,0,4,0
7.34,65.7,6,85.3,10,0,2,5,1
7.92,74.7,9,75.7,3,1,0,6,1
9.2,66.8,4,75.2,2,0,0,9,0
10.0,80.9,4,78.1,2,0,7,8,1
7.46,60.6,2,87.5,2,1,4,6,1
5.91,57.0,7,97.8,2,1,8,4,1
4.65,100.0,1,85.0,4,0,2,4,0
7.29,67.9,3,87.6,2,0,7,7,1
6.11,51.2,8,75.6,1,1,6,9,0
6.54,51.6,1,69.5,5,0,7,1,0
6.33,47.9,10,85.8,8,1,9,8,1
6.85,76.0,5,80.1,1,0,7,5,0
8.17,56.5,4,60.9,5,0,8,2,1
7.17,63.9,6,74.1,7,0,8,1,1
6.83,61.0,7,77.0,7,1,4,4,1
5.86,73.0,5,71.9,1,0,7,3,0
5.16,49.3,9,95.8,8,0,9,2,0
6.47,45.9,10,83.8,0,0,8,3,1
6.94,65.4,3,94.5,2,1,6,9,1
8.94,71.0,8,81.2,3,0,0,8,1
7.14,67.0,4,79.0,9,1,4,3,1
8.08,49.9,10,66.8,2,1,0,7,1
6.45,72.2,3,78.1,8,0,1,5,1
5.7,50.8,3,78.2,10,1,3,8,1
5.94,54.2,8,61.6,10,1,5,3,1
6.2,47.8,8,71.5,3,0,5,1,0
9.34,81.5,2,74.1,1,0,9,4,0
6.1,71.5,6,83.0,2,0,8,10,1
7.92,71.1,4,83.5,8,0,4,6,1
6.01,80.7,7,71.0,2,0,3,1,0
8.02,100.0,6,83.6,7,1,7,10,1
7.42,36.4,10,75.8,4,1,3,9,1
6.83,50.9,10,43.6,8,0,9,6,0
6.96,52.8,7,72.2,6,0,8,8,1
6.28,49.2,7,90.9,6,0,7,2,0
7.49,45.8,9,57.8,8,0,2,6,1
6.5,57.5,2,79.4,10,0,6,10,1
5.65,43.8,8,97.0,4,1,9,5,1
5.59,67.0,8,68.9,5,1,0,1,1
7.19,62.8,2,78.0,6,0,1,8,1
8.74,69.2,9,62.4,9,1,5,8,1
7.18,69.6,7,97.5,5,0,3,8,1
6.87,71.0,4,77.0,4,1,7,7,1
7.31,56.4,5,78.6,9,0,4,2,1
8.44,93.8,5,94.3,10,0,10,2,1
7.24,65.5,10,85.9,6,1,3,8,1
6.55,34.1,10,67.5,1,0,3,9,0
8.22,47.0,9,70.2,3,0,0,1,1
7.47,35.9,7,83.9,5,0,2,6,1
8.69,62.3,2,70.5,7,1,2,6,1
7.2,60.2,10,52.6,7,1,8,4,1
5.65,55.0,2,77.4,9,0,3,7,0
5.5,92.2,2,60.2,0,0,2,10,0
8.82,70.2,1,97.4,5,1,3,9,1
8.9,72.9,10,80.1,7,0,6,2,1
6.8,48.0,5,67.1,10,0,8,5,1
6.58,47.0,3,69.6,1,1,10,10,0
8.61,62.6,1,55.3,9,0,0,3,0
5.78,64.6,5,64.8,0,1,9,9,0
6.02,34.2,8,90.2,2,0,4,5,1
7.71,59.3,10,100.0,9,1,8,6,1
6.57,62.2,6,86.7,8,0,0,3,1
6.99,58.8,7,76.9,10,0,6,10,1
6.82,49.8,9,72.8,6,0,10,6,1
7.37,53.9,10,66.5,6,1,0,6,1
8.55,59.3,3,100.0,5,1,8,5,1
7.1,63.4,10,75.7,5,1,1,1,1
7.71,71.1,6,100.0,5,0,10,8,1
4.74,78.2,10,94.7,3,0,8,4,1
6.95,57.6,2,57.1,9,1,10,3,1
6.07,55.2,1,70.0,3,1,9,8,0
5.66,68.6,9,70.0,6,0,3,2,1
6.03,71.2,7,77.0,7,1,4,7,1
6.63,55.5,2,77.3,5,0,7,5,0
8.01,73.9,9,100.0,6,0,1,8,1
5.54,76.7,2,65.1,0,1,3,1,0
7.03,81.4,7,80.7,3,0,1,8,1
6.47,88.7,3,85.4,4,0,9,3,0
6.64,49.0,1,78.0,4,0,2,9,0
8.1,62.2,9,79.3,9,1,4,4,1
7.59,62.2,9,65.5,9,0,4,1,1
8.47,60.5,2,79.3,7,1,4,5,1
6.83,52.3,1,84.1,3,0,8,1,0
6.23,39.7,7,81.9,0,0,10,3,0
6.75,63.4,1,84.8,8,0,6,8,1
7.27,50.5,8,95.0,9,0,9,6,1
7.19,63.3,10,89.2,5,0,1,8,1
5.81,50.1,8,78.9,9,0,10,9,1
7.1,45.5,3,63.9,10,1,1,5,1
7.25,65.5,2,70.8,6,0,0,6,1
9.77,64.3,7,75.4,2,1,0,1,1
9.06,70.7,1,81.0,0,1,2,3,1
6.06,94.8,6,72.3,8,0,9,8,1
6.68,66.2,5,66.8,6,0,3,1,1
5.39,69.3,8,63.7,1,0,8,4,1
6.35,45.8,3,58.2,0,0,4,2,0
7.35,42.7,8,75.2,10,0,1,9,1
8.33,85.7,7,60.4,3,0,5,6,1
6.2,48.1,3,66.0,3,0,2,7,0
6.28,46.3,4,73.3,6,0,3,7,0
4.64,61.4,1,62.0,4,1,5,3,0
6.82,60.6,5,82.6,10,0,8,1,1
5.83,48.5,3,86.9,7,0,6,4,0
6.42,57.4,2,71.4,3,0,2,2,0
6.04,80.4,6,72.8,2,1,7,4,1
6.9,49.9,6,84.4,9,0,7,4,1
5.07,41.1,1,69.4,6,0,2,8,0
5.39,76.1,2,68.6,10,1,9,4,1
9.34,69.4,1,92.4,3,0,9,2,1
5.58,52.7,7,88.6,0,0,6,10,0
5.79,38.3,4,85.2,9,0,3,1,0
9.02,50.8,1,89.1,2,1,3,3,0
10.0,61.2,2,54.3,9,1,4,4,1
5.71,79.5,10,94.2,7,1,2,1,1
6.59,46.5,3,82.7,2,0,3,9,0
7.38,60.7,7,90.1,8,0,1,4,1
8.9,72.1,5,82.6,0,0,1,8,1
5.91,26.3,2,78.6,4,1,8,2,0
6.73,77.5,4,74.7,3,1,1,6,1
7.86,44.3,1,82.4,7,1,5,2,1
7.48,67.0,8,74.3,5,0,4,3,1
6.59,65.7,4,88.4,6,1,0,5,1
6.85,78.3,5,59.0,5,1,9,9,1
5.49,70.3,2,71.5,8,1,10,4,0
6.74,26.3,9,100.0,1,1,7,8,1
6.71,50.2,3,70.5,7,0,7,1,0
7.26,64.1,6,75.1,0,1,2,3,1
6.39,59.1,9,67.4,0,0,9,7,1
7.52,69.2,8,82.0,7,0,8,5,1
8.11,73.8,7,69.2,1,1,4,6,1
7.17,71.1,9,75.8,8,1,7,7,1
7.39,58.8,2,88.2,1,1,10,1,0
7.06,34.3,10,69.6,1,0,6,7,1
7.0,55.2,6,87.5,10,0,2,9,1
6.21,68.2,5,87.9,1,0,3,8,1
7.35,45.6,3,90.7,10,1,2,3,0
6.89,71.5,8,79.7,3,1,3,4,1
9.3,75.6,10,100.0,8,1,9,10,1
8.73,63.9,7,90.7,10,0,2,8,1
7.42,16.0,1,81.9,1,0,9,10,0
6.16,42.8,5,67.5,3,1,3,10,0
5.78,90.3,8,76.8,6,0,5,5,1
8.31,53.8,4,95.1,9,1,5,2,1
7.29,32.2,8,98.5,2,0,1,3,0
7.53,80.5,8,95.7,2,0,2,3,1
5.08,62.2,1,87.4,4,0,3,9,0
8.02,78.6,6,62.9,2,1,0,3,0
7.5,66.2,2,83.8,2,1,8,4,0
5.78,68.9,5,63.1,1,1,6,9,1
6.48,67.4,4,60.2,9,1,9,2,1
7.29,72.5,9,80.9,8,0,9,7,0
7.06,96.2,9,84.3,1,1,3,6,1
6.68,76.6,5,88.8,5,1,8,10,1
6.89,38.3,6,84.0,7,0,0,5,1
6.72,68.7,7,84.4,6,1,4,6,1
7.17,79.1,7,66.2,10,0,7,9,1
8.62,80.0,7,76.7,7,0,5,10,1
4.18,55.6,8,59.9,7,0,8,8,0
6.74,79.5,10,54.0,0,1,9,7,1
7.19,75.9,9,86.9,0,0,4,9,1
7.33,100.0,2,69.0,6,0,3,10,1
6.59,50.7,5,88.5,9,1,6,8,1
5.07,54.4,5,91.3,4,0,9,3,0
7.36,57.4,6,70.6,7,1,10,7,1
8.9,54.6,6,85.1,2,1,8,3,0
5.31,48.6,8,70.1,5,0,2,6,1
7.95,20.6,5,55.8,8,0,2,5,0
6.64,55.5,3,79.5,7,1,6,10,1
6.93,67.5,5,72.3,1,0,4,6,0
5.84,54.6,9,72.7,9,0,6,10,1
6.63,91.0,4,100.0,10,1,10,9,1
8.43,62.2,1,59.7,5,1,6,9,1
7.64,81.4,10,82.6,3,1,3,2,1
8.91,65.9,2,66.1,5,0,9,8,1
8.3,74.4,7,88.9,8,1,4,3,1
7.48,66.2,9,81.6,4,1,6,6,1
8.92,82.5,3,82.6,0,1,1,5,1
7.48,62.8,4,66.7,0,1,5,3,1
7.91,69.4,3,68.8,8,1,4,10,1
6.67,67.5,2,89.1,8,0,1,9,0
7.07,57.7,2,99.2,8,0,2,6,0
6.23,68.1,2,83.8,1,0,7,1,1
8.09,95.5,5,67.2,1,0,1,2,1
5.7,57.9,6,82.1,4,0,1,3,0
7.86,68.3,1,100.0,2,0,0,10,1
6.79,80.9,9,79.2,4,1,0,5,1
8.29,79.1,7,95.5,6,0,4,1,1
7.83,62.2,1,69.1,3,0,5,6,0
9.0,26.2,9,77.5,1,0,6,10,0
7.8,69.8,1,85.4,4,0,6,6,1
5.27,28.7,6,82.8,7,1,5,5,1
6.93,84.0,5,68.8,6,0,10,2,0
5.71,64.5,6,68.3,3,0,2,9,1
6.43,77.0,10,89.9,3,1,7,2,1
8.66,48.5,10,92.3,6,0,0,10,1
7.7,38.7,3,96.1,1,0,9,3,1
6.23,65.9,6,99.6,9,1,3,2,1
5.88,61.5,10,79.6,9,0,3,4,0
7.04,54.6,8,74.3,0,1,1,1,1
5.66,63.3,9,94.2,10,1,5,1,1
6.26,100.0,5,86.6,0,1,4,2,1
7.34,74.5,3,66.2,5,0,10,7,1
8.27,77.7,6,65.6,7,1,1,9,1
7.67,74.7,9,83.9,3,1,4,3,1
4.48,84.2,10,75.9,2,0,9,7,1
7.33,59.1,7,77.7,0,1,8,4,1
7.08,31.2,8,90.9,8,0,8,5,1
7.46,59.2,6,87.1,0,1,5,4,0
8.78,74.2,4,94.0,5,1,9,9,1
4.73,47.5,5,54.8,4,0,2,6,0
6.35,59.4,5,81.0,10,0,8,6,1
7.65,51.6,9,86.3,10,1,6,9,1
5.26,84.5,6,59.7,8,0,3,7,1
8.62,73.2,8,70.1,8,0,2,2,1
7.41,71.8,1,67.9,5,0,5,2,0
7.93,71.3,8,78.3,3,1,0,4,0
6.37,61.4,6,97.5,1,0,7,1,1
7.9,65.0,10,100.0,10,0,2,7,1
8.18,44.2,5,68.2,4,1,4,5,1
7.26,29.2,5,84.3,4,0,2,1,0
7.26,64.3,2,84.7,1,0,5,5,0
7.3,66.9,9,82.7,3,0,4,9,1
6.05,80.1,8,82.8,6,1,2,10,1
6.84,85.6,9,81.6,4,1,9,10,1
6.83,85.5,1,98.3,6,0,8,10,0
7.42,47.0,3,91.2,2,0,4,7,0
8.1,56.7,9,65.3,0,0,0,10,1
5.84,69.2,1,87.5,9,1,9,10,1
6.86,100.0,6,88.7,4,0,7,7,1
8.63,84.2,5,81.8,3,0,6,5,1
6.18,78.8,10,91.6,3,1,6,10,1
6.1,56.2,9,80.3,7,0,0,5,1
7.22,48.8,9,80.4,6,0,5,2,1
7.93,73.8,3,79.5,4,0,2,2,0
7.01,45.5,6,53.8,10,1,7,6,1
8.46,58.4,8,77.0,9,0,10,1,1
7.94,60.3,10,70.0,2,1,5,2,1
7.93,85.9,1,63.8,7,0,6,3,1
7.61,56.7,10,95.2,10,0,7,6,1
9.56,25.4,4,84.1,5,1,10,5,1
6.77,69.6,2,77.6,0,1,0,6,1
4.8,51.5,7,71.2,1,1,3,6,1
8.76,62.6,8,81.6,7,1,2,10,1
6.5,60.7,2,89.9,9,0,7,3,1
7.12,57.9,1,68.1,1,1,4,5,1
8.44,73.9,9,77.9,6,0,8,7,1
5.24,39.0,10,88.4,5,0,5,3,1
5.62,54.2,2,54.8,3,1,10,2,1
5.24,72.3,10,77.3,6,1,8,1,1
6.13,52.8,10,72.8,9,0,0,4,1
7.48,37.9,10,76.4,2,0,10,3,1
7.58,72.0,3,72.0,0,1,10,2,1
7.3,78.8,6,79.7,3,0,0,3,0
5.45,61.3,10,100.0,3,0,4,7,1
4.46,32.6,10,74.1,7,0,10,9,1
7.06,72.6,7,81.5,5,0,9,6,1
6.48,37.1,2,100.0,0,0,5,1,0
7.51,66.6,1,71.4,3,1,5,8,0
7.77,48.7,3,99.8,8,0,0,2,1
7.15,44.6,1,78.1,5,0,6,1,0
7.84,55.4,2,99.4,6,1,7,6,1
7.25,59.3,1,87.0,2,0,3,5,0
7.58,52.3,8,81.7,3,1,3,4,1
6.22,70.8,6,77.2,1,1,9,10,0
6.8,55.3,6,70.5,0,1,4,1,1
7.22,76.7,9,78.9,0,1,2,1,1
7.9,66.2,5,88.8,6,1,4,6,1
6.57,51.5,5,77.8,1,1,5,5,1
7.57,49.0,3,74.2,6,1,2,9,0
6.71,37.3,5,75.0,10,0,6,1,1
6.87,66.4,2,89.9,7,1,9,5,1
7.91,56.7,6,92.7,6,1,8,2,1
4.81,26.4,10,70.0,1,0,2,1,0
5.57,54.0,6,70.0,5,1,5,5,1
5.37,48.5,3,82.6,9,0,5,8,1
4.43,85.6,7,96.3,4,0,7,2,1
6.25,36.5,9,91.8,9,1,8,9,1
7.82,40.4,5,63.0,7,0,5,6,0
6.69,78.6,3,74.8,2,0,3,5,1
7.22,82.4,8,66.8,1,0,7,10,1
8.2,50.8,2,74.8,0,1,1,4,0
8.46,52.5,10,97.3,3,0,7,3,1
6.92,71.2,4,60.9,3,1,9,8,1
8.49,27.1,4,58.6,7,1,7,2,0
7.1,34.1,8,68.1,6,1,4,9,1
6.08,57.8,1,81.4,5,1,9,9,1
6.35,85.2,3,85.4,7,1,5,10,1
5.37,55.5,2,83.2,8,0,5,5,1
6.02,63.5,4,92.1,7,1,9,7,1
6.61,79.0,6,56.8,9,0,2,9,1
7.88,93.6,2,92.3,3,0,8,2,1
8.89,53.3,4,74.3,9,0,7,4,1
5.48,61.7,8,86.8,4,1,5,5,1
7.43,89.3,10,62.1,2,0,0,7,1
5.86,39.2,1,78.1,1,0,8,7,0
7.52,77.4,7,80.8,1,0,2,10,1
6.86,46.7,1,91.9,10,0,9,5,1
4.99,63.5,6,59.0,1,0,8,2,1
8.02,58.4,9,78.4,9,1,3,2,1
6.33,47.6,8,65.0,8,0,4,9,0
6.41,47.3,3,84.1,4,0,0,5,0
5.82,66.1,3,87.3,10,0,5,7,1
6.28,76.9,8,93.4,9,0,0,6,0
7.47,60.1,9,71.6,10,1,10,9,1
6.79,63.1,3,89.1,5,0,7,3,1
7.36,70.6,1,94.3,3,0,2,2,0
7.4,47.4,5,58.3,0,1,8,8,1
8.45,73.1,7,85.3,9,0,0,5,1
6.62,74.3,5,89.5,9,0,6,9,1
5.38,100.0,10,74.9,5,1,1,2,1
8.17,56.4,9,63.5,0,1,0,3,0
6.64,55.1,8,89.3,9,1,2,10,1
8.23,73.5,1,63.6,3,0,3,9,1
7.42,74.3,9,75.9,6,0,7,1,1
6.86,54.0,8,77.5,7,0,9,9,1
7.38,56.0,4,86.6,1,0,8,1,0
9.15,70.1,6,70.5,0,0,8,2,0
9.28,49.6,9,69.8,0,1,6,9,1
7.08,55.8,10,79.2,10,1,4,2,1
7.18,63.3,6,90.1,10,0,2,4,1
8.18,76.9,1,100.0,4,0,10,2,1
6.07,52.9,7,59.9,4,1,5,6,0
7.37,34.4,7,81.8,4,0,6,1,0
6.97,33.3,1,65.0,3,0,0,3,0
7.35,43.1,9,90.2,5,0,5,4,1
6.08,42.3,3,66.7,3,1,7,7,1
5.25,59.7,9,69.9,6,1,5,5,1
4.72,44.2,6,70.9,4,0,6,2,0
5.77,51.5,4,77.1,6,0,8,5,1
6.5,50.4,1,81.9,10,1,0,5,1
6.68,55.4,1,83.8,2,0,9,4,0
9.13,81.8,8,77.9,0,1,8,6,1
8.22,71.9,4,62.0,5,0,4,4,1
5.94,62.2,9,86.7,1,1,8,4,1
7.38,55.1,3,77.4,2,1,0,8,0
6.55,55.5,10,91.9,8,1,3,3,1
6.69,66.9,10,69.5,4,0,1,4,0
7.2,70.8,2,58.8,6,1,6,2,0
7.68,48.4,7,77.6,8,0,9,7,1
6.63,62.5,10,93.6,1,0,6,8,0
8.17,31.5,4,79.9,5,0,7,7,0
5.74,65.2,1,75.6,0,1,1,2,0
7.01,73.4,9,67.6,5,0,10,5,1
9.86,57.8,5,99.1,2,1,2,3,1
7.25,89.2,1,65.6,10,0,5,8,0
8.58,48.8,9,69.3,2,0,7,4,1
7.1,65.3,7,84.8,2,0,9,5,0
7.64,61.5,1,55.7,0,1,10,5,1
6.94,60.5,3,93.3,1,0,6,8,1
6.81,60.3,1,85.5,2,0,6,8,1
6.14,63.6,10,88.8,2,0,4,9,1
7.47,74.7,1,84.7,8,0,6,5,0
6.06,82.7,8,76.1,9,0,7,9,1
7.73,62.0,6,65.2,9,0,7,9,1
8.19,74.2,6,76.3,10,0,6,6,1
7.4,51.5,9,66.3,9,1,4,7,1
6.69,73.5,9,83.8,5,0,2,10,1
7.5,50.6,2,87.7,4,0,0,9,0
6.66,78.4,1,95.7,7,0,4,3,0
8.03,95.2,2,82.5,3,0,4,8,1
4.99,60.2,7,89.1,6,1,6,5,1
6.63,29.1,6,74.4,10,0,9,2,1
4.81,53.8,1,72.3,2,0,7,4,0
5.36,80.5,3,83.7,8,1,8,10,1
8.5,70.3,6,73.4,10,0,6,10,1
7.98,65.7,8,81.2,5,1,10,8,1
6.21,77.1,4,65.3,3,1,10,10,1
5.35,69.3,10,67.4,2,0,1,6,0
4.0,80.3,10,85.6,1,0,7,8,1
6.4,75.8,8,88.6,3,0,5,2,1
9.66,84.8,5,66.2,8,0,10,3,1
7.48,67.4,9,86.0,5,0,6,2,1
6.38,75.6,8,71.6,2,0,0,10,1
7.51,57.4,6,78.2,5,0,2,7,1
5.28,53.0,5,95.0,8,0,1,10,0
6.67,87.6,9,87.7,0,0,2,5,1
7.11,65.2,6,87.6,0,1,1,5,0
6.91,74.1,2,100.0,10,1,8,7,1
7.87,63.9,10,69.6,8,0,5,6,1
7.38,53.2,1,66.2,6,1,7,4,0
7.74,62.2,7,69.3,9,0,10,4,1
6.24,83.5,7,74.9,6,1,7,6,1
7.99,70.3,6,49.7,5,0,5,1,0
8.79,36.3,1,75.5,2,1,2,2,0
5.93,58.8,5,71.5,8,0,8,1,0
6.02,88.7,9,87.4,8,0,5,2,1
8.47,58.8,3,82.2,3,1,8,2,1
6.79,35.0,7,70.8,8,0,0,1,0
8.54,90.4,9,85.1,7,0,1,1,1
6.51,72.2,10,86.7,1,1,1,9,1
8.6,60.9,6,68.8,1,1,7,2,1
7.14,56.4,4,72.1,6,1,5,6,1
7.28,78.2,7,51.3,6,1,3,1,1
8.72,53.9,5,64.9,7,1,3,10,1
6.6,79.2,7,69.1,4,0,6,3,1
5.96,70.1,8,78.9,9,1,10,8,1
6.51,65.7,8,66.7,4,1,10,7,1
7.5,64.2,3,71.8,2,1,5,8,1
5.28,59.4,8,63.3,1,0,7,7,1
7.7,77.7,6,80.1,9,0,0,6,1
6.41,49.0,10,83.1,7,1,10,8,1
8.26,37.7,7,82.8,5,0,0,9,1
4.37,71.2,9,78.1,2,0,3,4,1
6.13,71.5,10,59.5,1,1,7,10,1
5.14,69.2,10,70.6,1,0,10,10,1
6.09,68.1,8,73.1,1,0,1,8,0
7.27,57.2,6,73.2,5,0,7,10,1
6.8,73.8,2,78.9,2,0,2,2,0
6.72,61.3,4,95.1,1,1,0,6,1
6.82,54.7,5,87.7,3,0,4,7,1
7.22,57.3,8,66.1,7,0,6,10,1
5.89,92.3,6,86.1,5,0,2,2,1
7.78,36.0,5,85.7,1,0,10,9,1
7.73,69.5,2,68.3,8,0,6,1,1
7.42,36.8,8,88.2,5,0,4,4,1
7.61,60.4,5,76.1,2,0,5,7,1
7.33,55.5,1,61.1,7,0,5,3,0
9.24,30.7,3,83.5,10,0,1,9,1
6.9,67.8,9,80.6,5,0,6,10,1
6.66,56.3,2,75.3,1,0,8,2,0
6.17,30.5,5,77.6,3,0,4,3,0
5.86,74.6,6,69.4,6,0,4,1,0
5.63,83.5,1,85.3,10,0,10,8,1
6.02,84.4,2,77.5,10,0,6,9,1
6.92,67.4,10,80.0,10,1,3,7,1
7.37,62.7,6,82.3,9,0,0,2,0
7.06,81.9,3,64.1,6,1,9,2,1
6.16,87.2,2,67.3,7,1,6,1,1
7.99,79.0,5,51.5,8,0,6,5,1
7.81,47.9,8,84.8,7,0,3,8,1
6.82,65.0,8,63.5,7,0,2,2,0
6.28,68.6,2,79.6,1,0,5,9,0
7.6,34.9,8,82.5,9,0,8,3,0
7.21,69.0,9,85.2,0,0,3,6,1
5.41,96.1,3,63.6,4,1,5,7,1
6.93,71.6,1,77.2,4,0,10,6,1
7.29,84.1,10,98.0,10,1,2,5,1
6.01,64.7,6,98.6,0,1,2,4,0
7.21,60.9,8,89.8,5,0,2,5,1
5.4,67.7,4,82.0,3,1,10,3,1
8.47,49.8,3,65.9,1,1,5,3,1
8.37,47.5,3,86.6,2,0,10,8,0
6.72,81.0,3,76.1,4,0,10,9,1
7.4,82.6,5,84.7,10,0,4,9,1
4.35,47.1,2,70.4,4,0,0,4,0
5.73,76.5,9,75.9,9,0,3,4,1
6.68,60.7,6,80.0,8,0,5,1,0
5.82,67.1,10,81.0,9,0,4,3,0
7.79,68.9,6,83.9,9,1,0,6,1
9.2,76.9,4,71.0,7,0,10,3,1
5.71,63.2,6,61.9,8,0,3,8,1
6.08,83.2,2,97.5,1,0,6,1,0
7.26,66.6,9,100.0,7,1,10,5,1
8.77,71.4,8,83.4,0,1,5,3,1
5.66,49.5,2,62.1,8,0,7,5,0
7.27,94.4,6,68.7,7,1,0,1,1
9.0,69.0,6,84.1,8,0,7,5,1
5.18,72.7,3,94.1,7,1,9,8,1
5.59,37.9,2,63.4,4,0,10,9,0
6.53,49.7,8,76.5,4,0,0,3,0
6.43,80.6,3,80.4,6,1,2,5,1
7.89,66.3,6,88.4,5,1,0,7,1
7.27,33.3,3,73.9,3,1,10,5,0
5.05,77.6,7,59.2,5,0,3,6,0
7.57,53.8,1,85.5,5,1,5,4,0
6.36,83.2,4,91.5,2,0,5,9,1
8.4,60.7,6,77.0,7,1,7,7,1
6.31,65.1,5,82.9,3,1,9,10,1
6.3,79.7,7,72.3,2,0,3,8,1
7.6,48.5,2,67.9,4,0,8,4,0
7.84,47.1,5,90.3,1,0,3,4,1
7.49,59.1,8,82.6,6,0,2,1,0
5.15,74.4,4,83.9,8,0,1,7,0
7.59,42.0,2,96.0,10,0,4,8,1
5.86,37.0,9,65.3,3,0,6,4,0
7.26,74.4,8,71.4,5,0,8,1,1
5.43,53.0,7,79.9,5,0,9,9,1
7.49,56.1,8,71.2,8,1,5,3,1
6.11,34.1,8,87.4,6,0,4,6,1
5.59,51.8,8,75.8,8,0,1,1,1
7.79,61.9,6,66.1,9,1,10,1,1
7.27,76.0,1,78.8,1,1,4,9,1
6.32,50.4,6,80.0,3,0,8,7,1
8.6,86.9,3,89.2,7,0,6,1,0
6.52,51.7,8,82.7,5,0,10,2,1
7.04,51.8,5,83.5,5,1,10,5,1
7.3,85.1,10,81.8,1,1,7,7,1
6.32,65.2,6,75.7,6,1,7,5,1
7.52,53.7,6,69.4,8,1,1,9,1
6.41,59.7,10,81.5,0,0,0,7,1
6.55,82.3,5,74.0,6,0,6,7,1
8.5,84.0,4,98.3,9,1,7,3,1
5.86,49.7,4,94.1,6,1,8,7,1
4.35,61.4,9,85.6,10,0,2,9,1
8.77,63.4,8,82.5,3,0,5,1,1
9.8,47.2,2,76.9,0,0,9,8,1
6.55,61.2,5,62.9,7,1,1,9,1
4.87,62.1,4,75.4,2,0,4,5,0
6.66,79.1,7,79.2,0,1,10,8,1
6.69,80.1,1,80.8,1,0,2,4,0
6.79,57.1,8,83.6,10,1,3,2,1
5.78,58.8,8,89.1,8,1,5,9,1
7.64,72.0,3,69.7,3,0,7,4,0
7.58,53.2,2,69.8,6,1,2,8,1
5.36,70.8,7,95.4,3,1,8,4,1
7.77,60.7,3,87.3,1,1,2,4,0
9.26,47.5,10,73.3,10,0,4,7,1
7.19,47.6,8,76.7,8,1,6,4,1
6.63,83.7,10,76.8,3,0,0,9,1
6.84,59.7,6,78.4,3,0,8,1,0
7.68,86.6,10,83.7,8,0,7,1,1
5.1,54.3,1,100.0,5,1,9,1,1
7.18,66.4,3,80.3,4,0,3,3,0
6.57,97.9,1,86.0,4,0,4,1,0
9.03,46.1,7,57.8,4,0,9,4,1
6.81,33.5,6,72.2,5,0,0,1,0
8.83,81.3,3,92.7,0,0,5,8,1
5.79,49.6,4,82.8,5,0,5,2,0
7.65,61.7,7,40.0,4,1,4,10,1
7.35,53.2,2,86.1,3,0,4,9,0
6.04,66.0,6,100.0,3,0,8,7,1
7.2,47.7,7,54.0,4,1,2,8,1
8.33,59.3,3,96.2,4,1,9,8,1
6.64,68.7,3,44.7,9,1,9,9,1
5.14,46.9,4,89.3,5,1,1,6,1
6.98,51.5,6,77.9,5,1,10,7,1
6.01,56.8,3,49.8,2,0,2,5,0
6.62,40.6,4,83.4,10,1,0,7,1
6.91,55.7,6,91.8,0,1,4,4,1
5.12,63.8,2,82.4,6,0,8,2,0
5.22,56.0,6,85.0,1,1,9,10,1
7.53,57.9,2,73.1,8,1,7,7,1
6.43,61.7,2,55.7,4,1,8,8,1
4.18,52.2,3,86.3,3,1,2,3,0
7.86,72.4,3,99.0,0,0,9,8,1
7.3,83.5,1,91.6,8,0,6,6,1
6.21,55.0,10,54.1,4,1,1,1,1
5.55,69.3,4,59.8,2,1,1,10,1
7.92,58.4,9,67.8,9,1,2,10,1
7.38,67.5,10,58.9,0,1,0,9,1
9.62,85.5,9,78.5,5,1,3,5,1
7.46,69.6,9,82.7,1,1,10,3,1
7.43,35.4,2,60.8,1,0,2,1,0
6.82,68.8,4,87.3,0,1,7,8,1
7.9,80.5,8,85.2,2,0,10,9,0
7.69,58.7,6,71.4,10,0,2,2,1
8.38,76.9,1,75.9,4,0,7,7,1
6.43,51.6,6,54.6,10,0,4,1,1
6.52,39.7,9,74.0,2,0,3,8,0
6.47,64.1,9,78.1,8,0,10,1,1
7.87,35.7,4,80.0,0,1,7,10,1
8.65,58.4,3,82.5,1,1,4,2,1
6.5,81.3,4,80.9,0,0,8,5,0
6.53,33.4,3,74.8,9,1,9,7,1
7.35,42.8,4,81.4,7,0,8,9,0
6.73,46.5,4,90.0,8,0,9,4,1
8.05,61.1,5,76.9,10,0,3,10,1
4.52,56.5,1,81.8,3,0,3,1,0
6.09,83.0,3,75.8,7,1,2,5,1
6.14,76.3,4,70.2,5,0,7,10,1
4.45,69.4,2,84.3,5,1,8,3,1
5.94,64.2,9,71.3,7,0,7,6,1
5.99,67.9,7,82.6,5,1,6,5,1
6.78,49.1,10,78.3,0,1,8,4,1
8.22,74.9,6,74.4,0,0,1,8,1
6.73,45.3,2,74.1,5,0,4,6,0
5.87,74.5,10,71.9,6,0,7,8,1
6.94,79.8,5,58.3,8,0,0,6,1
8.15,65.2,7,82.6,6,0,10,10,1
5.93,59.4,4,80.8,2,0,1,5,0
6.0,68.0,5,88.2,4,1,8,8,1
7.61,19.1,5,71.6,4,1,6,7,1
6.76,66.5,3,100.0,10,0,9,9,1
7.71,60.3,6,73.4,5,0,8,9,1
6.98,61.2,8,67.5,6,0,5,3,1
7.77,72.6,1,66.1,8,0,8,4,1
5.86,60.9,2,57.2,3,1,3,4,0
6.99,44.9,9,96.4,10,0,6,5,1
6.77,59.9,6,94.5,7,0,10,5,1
5.66,63.0,10,85.2,9,0,0,1,1
5.28,63.7,7,67.2,8,0,3,9,1
7.75,64.4,7,99.7,6,0,0,9,1
6.61,77.6,9,73.8,0,0,5,7,1
5.88,45.7,7,74.8,6,1,8,4,1
6.89,64.6,4,95.2,1,0,0,9,0
8.24,81.3,6,85.9,6,1,6,3,1
4.49,36.0,3,100.0,7,0,4,4,0
5.35,64.7,4,81.0,5,1,8,10,1
5.98,53.2,7,73.2,3,0,2,10,0
8.61,56.4,2,70.7,0,0,1,6,0
7.31,48.4,7,55.8,7,1,1,2,1
7.84,59.5,6,74.7,7,1,4,2,1
5.75,89.6,4,91.7,5,0,5,10,1
5.77,43.0,1,85.2,7,0,10,3,0
7.49,44.5,8,78.2,8,1,5,7,1
7.06,42.5,9,66.1,5,1,1,4,1
7.6,87.9,8,80.7,0,1,7,5,1
6.79,55.1,5,90.2,9,0,0,10,1
7.31,61.6,7,83.2,5,0,3,6,1
7.17,56.0,5,80.0,7,0,7,5,1
7.86,47.8,4,68.4,10,0,2,5,1
7.89,58.5,4,88.4,3,0,6,3,1
5.22,98.9,3,40.4,6,1,4,6,1
4.53,82.9,10,82.6,0,0,10,6,1
8.1,49.2,7,100.0,9,1,3,1,1
8.31,71.7,2,59.9,0,1,9,5,1
5.88,49.5,9,75.1,5,1,6,7,1
4.95,35.4,2,77.9,3,0,8,1,0
7.11,77.3,6,72.4,0,0,1,10,0
8.02,79.4,2,90.4,5,0,0,9,1
8.98,77.7,4,83.7,10,0,8,7,1
7.57,55.0,7,79.8,1,0,5,1,0
6.59,59.5,10,87.6,3,0,3,6,1
6.02,73.2,10,78.2,2,0,9,9,1
7.01,67.9,9,100.0,1,0,3,1,1
6.67,56.1,3,79.8,2,1,4,8,1
5.88,37.7,1,80.3,6,1,7,9,1
9.25,63.7,10,57.5,8,0,10,1,0
8.96,78.2,10,71.5,7,1,9,3,1
8.25,44.0,3,91.8,8,0,7,8,0
5.99,71.6,1,62.0,7,0,1,10,0
7.94,67.0,7,52.1,4,1,1,8,1
7.7,73.3,1,78.4,9,0,7,6,1
7.49,75.1,1,94.4,1,0,5,7,0
8.37,51.6,10,78.5,7,0,1,6,1
7.7,37.7,5,74.0,1,0,7,6,0
7.81,54.0,2,55.7,8,1,10,8,1
7.7,75.3,7,83.4,0,0,0,1,0
7.37,53.9,4,85.9,2,0,9,3,0
5.04,51.6,6,56.6,4,0,3,1,0
7.09,34.7,9,91.6,7,0,4,8,1
6.39,88.3,3,87.2,0,0,7,8,1
5.59,74.4,7,91.6,2,1,2,1,0
8.85,73.5,9,85.0,3,1,1,2,1
8.9,76.5,5,85.8,8,0,10,3,1
8.5,70.7,10,84.2,10,1,3,3,1
7.28,58.3,5,88.4,6,0,1,6,0
8.49,59.5,5,56.2,5,0,7,5,0
7.01,55.6,9,60.0,3,0,2,4,0
7.22,100.0,7,69.2,9,0,8,2,1
5.8,70.3,9,76.4,1,1,0,7,0
7.44,55.0,8,82.7,1,1,5,8,1
7.07,69.0,8,81.9,2,0,4,7,1
5.57,46.8,3,91.4,2,0,10,9,1
6.94,84.6,4,91.8,5,1,5,10,1
6.91,52.1,9,67.5,10,0,10,9,1
8.98,69.5,7,80.9,7,0,2,7,1
7.98,78.0,3,67.8,4,1,5,1,1
7.01,67.8,4,75.7,2,1,8,4,1
7.27,63.4,8,81.9,7,1,1,5,1
7.05,62.2,2,40.0,2,0,10,8,0
6.78,61.2,2,100.0,10,0,8,9,1
5.81,53.3,8,84.8,5,0,7,7,1
6.83,55.3,3,70.9,6,1,2,4,1
6.18,84.2,8,100.0,9,0,8,8,1
5.62,60.4,6,73.8,3,0,9,7,1
7.56,50.2,10,79.6,5,0,3,8,1
7.43,54.3,6,72.2,5,1,6,6,1
5.03,78.5,9,97.8,2,1,0,7,1
6.87,72.1,9,76.7,0,1,4,4,1
8.1,70.4,3,79.8,3,0,1,4,0
8.17,58.1,10,92.4,1,1,6,3,1
8.13,70.6,8,85.0,7,0,6,3,1
7.04,52.3,2,77.3,0,0,5,7,0
6.07,58.1,1,91.3,3,0,7,4,0
5.81,76.5,3,100.0,9,0,10,2,1
7.38,75.1,1,81.8,6,0,2,1,1
7.42,47.3,4,79.4,7,1,2,9,1
8.42,49.2,10,80.0,7,0,2,5,1
8.21,63.6,5,93.7,3,0,10,6,1
6.85,87.9,1,70.8,6,1,1,10,1
5.63,33.3,5,74.7,2,1,0,2,0
6.65,66.2,3,59.6,6,0,1,10,1
7.24,41.4,9,63.8,7,1,8,8,1
6.78,52.5,1,71.8,9,0,6,7,1
6.36,56.5,8,77.3,10,0,10,5,1
7.28,55.7,5,99.2,0,1,2,8,1
6.45,54.0,1,84.4,3,0,4,3,0
6.31,62.1,7,67.1,6,0,6,4,0
7.34,54.0,5,69.3,3,0,0,10,1
6.56,40.1,8,94.5,6,0,10,3,1
7.27,73.7,7,91.5,9,0,8,8,1
7.3,73.3,8,78.3,2,1,1,10,1
5.75,74.6,5,72.7,9,0,9,6,1
6.47,38.9,1,91.5,9,1,4,3,0
8.58,66.5,2,66.1,10,0,3,9,1
5.72,72.1,5,82.7,0,1,10,9,1
4.67,46.5,4,100.0,3,0,5,6,0
4.95,62.1,8,80.5,1,0,2,2,0
7.03,60.3,5,68.7,1,0,8,5,0
7.03,89.6,9,82.9,0,0,7,5,1
6.87,90.9,2,72.4,4,1,2,2,1
8.34,37.0,4,61.3,0,1,7,5,0
4.06,99.4,8,86.4,3,1,6,2,1
7.44,48.3,2,91.4,10,0,3,7,0
8.72,76.7,4,74.3,9,0,4,5,1
5.76,76.6,8,73.5,10,1,9,8,1
6.58,47.1,6,66.5,0,1,1,5,0
6.17,69.4,8,76.2,7,0,7,8,1
6.02,60.4,6,71.3,6,1,9,8,1
6.64,70.3,9,65.9,1,0,10,2,1
8.57,65.5,9,100.0,9,1,3,5,1
9.02,79.9,10,83.6,4,0,2,8,1
6.63,63.1,2,84.9,10,0,10,6,0
9.1,59.5,6,88.6,1,1,5,3,1
7.04,78.4,2,87.3,7,0,6,9,0
8.93,70.7,3,73.0,1,0,5,2,0
6.9,73.0,4,81.3,10,0,5,10,1
7.14,52.0,7,74.8,6,0,6,8,0
7.4,46.3,5,83.3,0,1,4,4,0
10.0,53.5,9,82.1,2,1,4,2,1
7.94,52.7,3,73.4,3,0,4,10,1
6.22,73.8,7,62.0,0,1,7,6,0
8.07,76.6,8,79.8,0,1,8,9,1
6.6,59.7,10,75.5,10,1,6,9,1
6.46,83.5,3,55.3,10,0,7,1,0
8.0,82.5,8,84.1,5,0,4,7,1
7.03,65.7,1,89.6,9,0,8,4,1
7.31,49.7,6,100.0,7,0,4,10,1
7.02,85.6,5,73.3,0,1,4,3,1
7.37,61.1,10,71.5,7,0,0,1,0
7.47,63.9,8,64.7,0,0,2,7,0
4.87,56.9,10,80.5,8,1,8,6,1
7.73,48.7,9,80.4,4,0,0,6,1
5.92,40.0,5,68.3,1,0,2,3,0
5.41,71.5,8,75.9,2,1,8,5,0
6.94,50.2,1,54.3,7,1,9,10,1
7.09,100.0,6,89.1,9,0,4,8,1
6.24,45.7,1,68.8,6,1,4,10,0
7.91,43.1,8,77.6,1,1,5,4,1
5.52,69.7,10,60.9,9,1,8,9,1
6.55,84.9,7,71.0,8,0,5,4,1
6.36,63.0,9,74.6,4,1,1,10,1
6.95,70.6,3,77.9,6,1,4,9,1
7.31,34.3,10,83.8,10,0,2,2,1
5.89,51.8,6,95.3,4,1,7,10,1
7.8,45.9,7,86.8,0,1,1,7,1
7.07,33.6,8,89.5,1,0,6,8,0
4.92,63.8,7,95.4,6,1,1,6,1
4.85,28.4,4,84.8,10,0,10,3,1
6.99,42.2,7,77.6,8,1,7,10,1
6.76,53.9,7,90.1,6,1,1,2,0
6.89,49.5,9,90.9,3,0,10,9,1
6.97,67.9,5,85.8,4,0,6,3,1
7.25,66.6,6,60.5,0,0,6,8,1
8.04,75.4,6,67.9,4,1,0,5,1
5.78,73.3,2,74.7,6,0,2,3,0
5.71,79.1,1,87.4,9,1,8,3,1
5.8,62.0,1,77.7,10,0,5,4,0
7.32,66.6,7,91.6,9,0,6,10,1
8.37,69.7,5,93.8,0,1,10,8,1
6.53,64.1,9,92.4,8,0,4,7,1
4.25,56.0,8,92.5,2,0,4,7,1
5.13,57.0,2,65.6,6,0,8,5,0
6.08,49.7,2,83.8,10,0,0,10,0
6.39,68.3,4,70.7,9,0,5,3,1
6.55,60.6,10,58.2,7,0,9,10,1
7.04,52.1,1,74.6,3,1,2,4,0
6.66,52.1,2,93.9,5,0,3,4,0
8.15,43.8,1,83.5,7,0,5,5,1
6.26,76.7,5,100.0,5,0,0,8,1
6.05,63.2,10,80.1,4,0,0,8,1
7.53,49.1,7,100.0,4,1,2,8,1
5.31,74.1,5,80.1,6,0,9,1,0
7.43,53.6,2,78.3,0,0,2,2,0
7.11,40.9,4,62.6,10,0,8,9,1
6.84,77.3,6,91.3,1,1,4,10,0
8.75,53.9,3,72.0,10,1,8,2,1
6.32,55.9,8,70.2,0,1,3,10,1
9.27,62.6,10,93.4,5,1,9,3,1
6.75,79.1,3,91.9,4,1,4,10,1
5.6,62.3,3,91.6,6,1,8,10,1
7.08,44.0,2,73.7,4,0,9,7,0
5.82,70.2,8,77.4,9,1,4,2,1
6.17,54.7,5,77.3,0,1,7,8,1
7.44,90.3,3,87.4,10,1,1,2,1
7.61,62.0,3,96.6,7,0,5,4,1
6.32,28.5,1,82.4,8,1,4,7,1
8.09,67.4,5,100.0,1,0,10,1,1
8.27,91.2,7,88.8,0,1,10,4,1
8.58,85.6,3,75.2,4,0,8,8,1
7.58,89.5,1,87.9,3,0,10,1,0
8.5,46.7,5,98.5,8,1,10,4,1
4.93,75.7,7,100.0,9,0,8,1,1
6.65,51.2,4,92.2,4,0,6,7,0
6.05,65.4,3,78.3,8,0,2,1,0
7.13,42.9,2,75.4,0,1,8,3,1
6.37,52.3,8,84.9,8,1,2,6,1
6.82,51.9,9,98.1,1,1,2,3,1
9.07,75.5,8,83.2,7,0,9,3,1
6.81,74.0,6,83.5,4,1,1,9,1
7.46,66.2,8,78.6,4,1,1,8,1
6.74,41.7,4,74.1,3,0,5,1,0
7.08,57.3,1,76.1,4,0,6,9,0
7.01,50.8,4,79.6,9,0,0,5,0
7.49,75.0,8,98.6,8,0,4,2,1
8.28,79.7,7,75.1,3,0,2,10,1
8.81,77.8,10,78.6,3,0,3,4,1
7.34,50.7,10,67.6,5,0,1,4,1
7.65,20.9,3,86.6,7,0,7,2,0
5.73,35.5,1,94.4,2,0,5,9,1
6.9,83.3,3,97.5,7,1,10,3,1
8.03,56.0,9,80.4,10,0,0,6,1
7.95,50.7,9,84.9,9,0,8,3,1
7.23,86.6,1,76.2,6,1,10,9,1
7.98,81.0,2,84.3,3,0,5,8,0
7.54,62.4,6,81.8,3,0,7,6,0
8.32,57.6,7,78.7,8,0,4,4,1
7.32,60.0,10,79.7,5,0,6,7,1
6.61,65.4,8,83.4,1,0,9,5,0
7.37,86.0,3,74.5,7,0,5,10,1
4.0,68.3,1,75.1,1,0,6,7,0
7.42,72.9,7,98.5,10,0,10,1,1
4.0,79.5,6,100.0,4,1,5,9,1
5.1,44.5,10,63.5,3,0,1,2,0
7.5,73.3,6,62.9,0,0,7,4,0
7.53,57.6,6,66.5,1,0,7,5,1
5.72,24.3,4,76.8,10,1,2,3,0
6.22,30.1,1,88.7,5,1,8,10,1
8.51,46.7,9,85.1,9,1,0,10,1
6.47,70.0,9,80.1,10,0,3,2,1
9.47,63.7,2,84.3,0,0,9,4,1
7.0,64.8,8,69.7,4,1,6,4,1
7.45,91.3,4,75.1,9,0,6,7,1
8.78,43.0,5,77.8,5,1,6,6,1
7.14,61.6,9,59.0,5,0,1,7,1
5.9,66.6,9,64.1,6,0,10,1,1
6.88,51.0,2,64.5,7,0,3,6,1
6.96,62.4,4,87.2,10,0,8,3,1
5.5,38.0,9,80.9,9,1,10,3,1
6.72,83.1,10,85.3,6,0,2,8,1
6.18,51.8,1,55.9,6,0,6,2,0
8.02,92.5,9,60.2,3,1,0,1,1
7.04,61.5,5,86.0,1,1,6,5,1
6.69,77.4,6,44.7,7,1,4,8,1
6.88,61.2,1,92.7,0,1,0,6,1
7.25,61.5,7,56.1,7,1,7,2,1
7.68,53.2,7,88.1,5,0,10,8,1
5.9,63.8,7,67.3,8,1,0,4,0
5.85,66.8,8,90.6,10,1,9,8,1
8.22,50.2,10,100.0,6,0,9,3,1
6.55,60.1,9,50.7,6,1,6,10,1
5.44,52.8,8,86.3,5,0,9,3,1
7.49,96.5,10,56.3,4,1,3,10,1
7.51,60.7,7,83.1,0,0,7,4,1
5.32,85.2,7,75.5,0,1,7,8,1
7.25,59.1,6,79.6,7,0,6,6,1
7.81,65.9,8,67.1,10,0,9,1,1
7.41,42.2,1,87.4,0,0,9,1,0
7.7,55.3,6,60.6,3,1,8,5,1
5.46,65.2,5,92.9,6,0,6,2,0
7.36,85.8,10,73.1,7,1,10,7,1
6.67,65.3,1,61.2,8,0,6,2,0
6.47,82.8,7,97.1,7,0,7,6,1
7.96,71.6,2,77.2,0,0,2,3,0
8.63,86.4,9,100.0,2,1,3,2,1
8.97,61.1,9,92.7,5,0,9,4,1
8.45,97.9,3,68.4,0,1,5,6,1
6.88,54.7,9,77.0,3,0,5,4,0
7.39,50.5,5,79.5,4,1,8,4,1
7.84,43.8,10,96.3,10,0,3,4,1
7.13,97.0,8,83.3,3,0,2,4,0
7.14,74.3,1,80.1,10,0,0,5,1
7.91,57.0,3,75.6,7,0,2,9,0
6.93,80.7,5,77.4,7,0,5,6,1
6.2,72.3,3,93.7,9,0,7,5,1
6.54,91.5,2,78.0,9,0,3,8,1
7.7,38.8,10,73.3,2,1,4,6,1
7.0,58.0,9,71.2,4,0,2,10,1
7.37,55.1,5,71.4,5,1,8,6,1
7.74,32.4,3,61.2,10,0,5,3,0
6.59,77.9,2,69.0,0,0,1,6,0
7.83,57.9,10,96.0,5,0,6,8,1
7.42,73.1,4,75.5,2,0,3,3,0
5.64,97.4,1,86.5,2,0,9,3,1
8.59,56.7,4,48.3,8,1,2,6,1
6.45,55.7,5,84.8,2,1,9,9,1
5.18,63.8,7,76.1,8,0,7,4,1
5.85,76.8,4,72.2,10,0,1,6,1
5.88,53.5,10,80.2,8,0,8,7,1
7.06,52.5,7,72.1,1,1,7,7,1
6.7,77.9,10,52.5,1,0,5,2,1
6.63,67.7,4,89.1,4,0,1,4,0
7.68,31.3,7,80.9,6,0,5,10,0
7.37,43.6,4,74.2,8,0,6,9,1
7.35,84.5,7,66.4,4,1,1,8,1
7.45,68.0,8,60.4,1,0,3,1,0
7.68,50.6,4,80.7,10,0,7,5,1
4.68,59.4,10,97.4,9,1,6,1,1
6.6,62.2,9,80.4,7,1,10,4,1
4.6,73.0,9,61.4,7,0,2,9,1
7.04,41.6,3,80.7,10,0,8,4,0
6.99,49.4,8,77.4,5,1,4,2,1
8.15,66.1,2,88.4,1,0,2,8,0
8.31,60.5,2,85.3,6,0,10,8,1
7.22,70.6,10,42.2,4,0,6,7,1
6.45,43.6,2,84.5,8,0,5,9,0
7.53,67.4,9,66.0,8,1,3,8,1
6.42,78.4,5,60.9,5,1,9,7,1
7.0,69.3,4,75.7,4,1,0,9,0
8.08,64.1,1,82.9,4,1,1,4,0
6.39,60.6,7,58.3,6,1,1,5,1
7.89,49.5,8,86.5,7,1,7,6,1
7.75,60.9,5,87.2,5,1,1,7,1
5.95,80.9,9,78.6,5,0,8,5,1
8.07,60.2,4,67.6,10,0,2,5,1
7.77,48.7,6,66.2,2,0,7,2,1
7.11,54.6,3,90.3,1,0,8,7,0
6.16,65.0,6,59.9,8,0,9,2,1
6.05,56.4,2,90.8,10,0,3,5,0
6.41,69.3,5,76.0,6,0,0,5,0
7.6,69.8,6,76.8,4,0,8,8,1
5.95,75.3,6,57.5,3,0,4,5,0
7.48,83.4,5,76.2,5,0,10,1,1
5.63,76.9,7,85.4,0,0,2,6,0
6.78,48.0,6,62.0,5,1,6,3,0
7.12,48.4,3,84.0,2,0,1,4,0
9.69,60.9,3,79.1,2,0,5,3,0
5.48,55.2,7,70.3,6,0,0,2,0
8.62,44.9,10,88.3,10,1,8,10,1
7.16,55.4,8,51.6,2,1,6,3,1
7.45,54.9,7,82.2,10,0,1,6,1
7.13,51.9,10,97.4,5,0,5,9,1
7.49,57.3,9,95.3,10,1,4,4,1
6.83,79.7,6,82.7,4,1,7,10,1
8.6,65.0,2,74.4,10,0,5,5,1
6.5,99.1,7,70.4,7,0,5,10,1
8.25,64.6,7,74.4,7,0,9,5,1
6.29,57.6,3,84.5,6,0,5,1,0
6.93,62.1,9,68.3,4,1,8,9,1
5.82,65.8,9,87.1,5,1,9,9,1
7.5,68.5,4,100.0,9,1,9,10,1
8.59,93.2,5,77.3,8,1,10,2,1
6.91,49.3,2,61.9,0,0,7,9,1
6.78,74.9,2,61.9,7,1,6,4,1
5.77,65.1,3,87.3,9,0,5,9,1
6.75,38.4,4,77.3,8,0,2,10,0
5.25,73.6,3,88.5,5,1,9,2,0
6.0,81.0,2,71.6,3,0,7,4,0
7.25,49.1,5,88.0,7,1,9,3,1
8.45,61.9,7,76.1,7,1,7,4,1
10.0,36.1,4,69.2,4,1,5,6,1
6.35,43.1,6,73.2,4,1,3,5,0
8.58,77.7,3,63.6,4,0,10,7,1
7.27,55.0,8,100.0,0,0,8,7,0
6.83,45.4,7,76.8,0,1,9,3,1
7.48,65.4,10,85.7,0,0,6,1,0
7.07,54.2,1,71.6,4,1,5,8,1
7.12,54.9,9,65.4,5,0,0,2,1
6.55,73.1,4,75.2,4,0,0,2,0
5.46,44.6,1,91.2,10,0,7,7,0
5.3,48.4,7,71.8,2,1,2,3,0
7.72,64.3,2,67.6,4,1,0,2,1
6.7,76.5,2,79.9,2,1,8,4,0
6.34,80.6,10,84.0,3,0,6,6,1
7.01,52.0,3,97.7,6,0,1,9,1
7.87,76.1,6,82.2,3,0,5,10,1
7.2,50.2,3,85.7,3,0,5,8,0
6.28,89.4,2,86.6,7,0,0,9,1
8.35,45.0,1,64.2,9,0,6,6,1
8.74,81.9,1,66.4,2,0,4,5,1
7.54,52.2,5,65.0,1,0,9,9,0
8.07,92.2,5,62.0,2,1,1,4,1
8.37,70.9,1,87.5,6,1,9,9,1
8.24,46.8,4,81.5,10,0,0,10,1
7.68,54.2,3,79.0,1,0,8,4,1
7.66,73.7,6,46.9,0,1,8,7,1
7.57,77.8,10,100.0,5,1,4,8,1
5.79,60.9,7,67.3,10,1,3,8,1
7.77,62.7,10,100.0,6,0,1,3,1
5.51,73.4,2,60.6,10,0,3,10,1
6.13,64.0,3,68.3,7,1,7,6,1
8.43,42.6,8,51.6,0,0,7,1,0
7.92,49.8,4,82.3,4,0,1,2,0
8.64,65.5,9,64.8,8,1,0,8,1
6.7,80.2,5,65.1,5,0,6,5,1
5.73,86.2,3,61.5,2,1,6,2,1
6.74,73.7,9,87.3,1,1,10,6,1
7.11,66.3,6,86.5,7,0,8,6,1
7.09,73.2,9,99.7,5,1,6,1,1
8.25,52.0,5,69.8,6,0,6,4,1
6.6,59.7,2,80.6,4,1,7,5,1
7.39,49.6,7,62.5,3,1,4,8,1
5.91,43.3,2,74.0,7,1,7,7,1
7.5,67.0,7,71.8,0,0,2,1,1
7.0,64.8,5,83.6,4,1,9,7,1
6.18,72.3,8,90.2,4,1,9,10,1
6.74,70.2,9,89.9,8,1,4,1,1
6.8,65.6,5,67.9,8,1,5,10,1
6.7,70.3,9,90.0,4,0,5,1,1
8.95,61.4,2,77.5,2,1,8,7,1
6.89,68.2,2,74.1,2,0,1,4,0
6.73,51.1,10,69.5,2,0,3,8,0
4.69,67.5,6,71.3,3,1,6,9,1
6.02,72.0,5,98.9,8,1,7,9,1
6.71,52.0,2,81.7,0,1,3,9,0
6.25,62.8,3,80.1,0,0,1,9,0
8.52,52.6,7,74.9,5,0,5,4,1
6.82,54.1,9,100.0,2,0,7,5,1
8.42,45.1,10,93.7,9,0,8,8,1
7.07,81.0,5,69.3,8,1,0,2,1
7.04,78.0,5,74.7,8,0,0,6,1
6.9,70.1,2,75.4,5,0,4,6,1
7.0,91.6,1,79.8,4,0,6,10,1
8.89,59.2,5,69.6,4,0,0,1,0
4.45,100.0,6,83.3,2,1,1,1,0
4.8,58.6,2,95.4,6,1,4,1,1
6.4,65.8,5,62.2,9,0,3,6,0
7.02,56.0,7,64.5,2,0,7,6,0
7.76,67.6,9,72.2,0,0,0,6,1
7.52,74.5,10,72.8,6,0,9,3,1
6.58,60.3,4,100.0,4,1,1,4,1
8.12,88.7,4,90.0,8,1,4,5,1
8.13,65.6,9,89.3,9,0,10,1,1
7.2,66.1,7,74.8,10,1,7,8,1
8.06,48.4,3,74.6,4,0,10,1,0
7.3,68.3,7,60.6,9,0,0,7,1
6.38,60.0,2,87.4,1,0,7,5,1
7.77,52.9,5,83.9,4,0,0,10,0
7.12,50.4,4,93.4,2,0,6,7,0
7.0,100.0,10,75.5,10,1,3,5,1
8.62,58.0,1,76.3,6,1,8,8,1
4.3,40.1,9,80.0,4,0,1,2,0
5.44,51.5,3,88.7,1,1,9,2,0
5.69,61.2,1,60.4,8,0,5,5,1
6.6,70.2,7,86.8,7,0,5,9,1
6.72,70.3,7,77.8,9,0,6,9,1
5.34,72.1,2,65.3,4,0,0,4,0
5.92,52.3,1,53.0,1,0,3,3,0
6.05,67.1,2,76.4,3,1,7,10,1
9.7,48.9,5,95.4,6,1,10,6,1
8.98,52.7,2,98.1,2,0,10,2,1
6.55,48.2,8,82.3,0,1,5,3,0
6.6,44.2,1,100.0,9,0,2,9,1
5.74,78.0,8,77.5,5,1,5,9,1
4.9,72.3,9,89.4,4,0,5,10,1
6.87,76.6,8,72.6,6,0,4,1,0
5.9,62.6,10,71.8,8,1,3,9,1
6.91,73.7,10,69.9,0,0,9,2,1
5.24,35.6,1,53.3,4,0,4,9,0
6.16,74.9,4,93.4,2,0,0,9,0
7.16,64.7,8,70.3,1,0,7,4,1
7.4,71.4,4,68.4,0,0,7,2,1
7.46,67.7,8,63.8,4,1,4,8,1
5.55,47.2,8,75.5,5,1,6,1,1
7.94,39.5,10,99.2,5,0,10,6,1
6.12,51.3,4,100.0,8,0,10,4,0
7.7,70.5,4,58.1,5,1,8,5,1
6.99,72.4,1,73.7,6,1,6,9,1
5.49,41.5,3,65.6,8,1,0,10,1
6.65,47.3,3,89.9,7,0,5,5,1
7.4,51.2,5,81.4,10,0,9,3,1
7.67,56.6,5,70.4,2,0,9,9,0
6.84,41.6,9,78.9,8,0,8,5,1
8.68,40.7,8,72.3,7,0,10,2,1
8.11,49.7,8,97.4,6,0,5,10,1
6.72,63.3,1,84.6,0,1,1,10,0
7.83,44.3,5,86.0,5,0,5,3,0
9.13,60.3,8,46.0,9,1,3,2,1
9.16,77.9,3,77.2,7,0,9,2,1
5.65,42.5,5,100.0,0,0,8,6,0
5.98,58.9,8,93.9,3,1,4,4,1
8.63,77.4,8,55.8,6,1,4,7,1
5.84,55.7,9,74.2,8,0,1,8,1
5.55,53.4,5,63.6,4,1,0,1,1
6.47,79.5,4,98.5,9,0,3,9,1
7.46,57.4,4,80.9,8,0,2,1,1
6.89,78.6,7,68.8,2,1,2,2,1
6.28,68.4,5,78.4,2,1,10,8,1
6.26,56.9,5,46.7,9,0,7,7,1
6.22,69.2,2,65.0,6,1,6,10,1
6.03,66.8,5,78.4,9,1,1,6,1
9.51,77.3,3,88.1,10,1,9,5,1
7.33,53.8,6,54.7,4,0,7,7,1
7.98,62.6,9,73.4,0,0,5,8,1
6.46,61.1,8,90.1,9,0,5,7,1
6.8,72.6,5,60.6,6,1,6,4,1
6.22,46.6,10,80.8,1,0,9,10,1
4.08,77.3,10,78.8,5,1,7,4,1
5.48,69.0,5,98.6,0,0,5,4,0
5.01,42.2,8,75.2,3,1,7,3,1
4.53,80.1,4,75.9,3,1,10,3,0
5.69,95.5,9,88.3,4,1,3,3,1
8.46,77.0,4,62.1,6,1,9,6,1
6.95,83.4,3,75.3,9,1,6,8,1
8.42,63.3,2,72.5,3,0,2,5,1
7.45,37.1,9,76.3,8,1,10,10,1
7.86,34.3,3,88.2,10,1,7,5,1
6.01,65.8,9,84.6,8,0,4,5,1
7.58,53.1,1,69.0,2,0,2,1,0
7.8,48.3,6,79.6,7,1,10,10,1
6.37,61.1,5,95.9,3,0,9,2,1
7.62,71.2,5,68.0,5,0,0,2,1
7.62,40.2,2,79.7,6,0,6,10,1
6.4,55.3,1,75.7,3,0,1,6,0
5.76,84.6,4,77.2,0,0,3,1,1
5.7,45.9,5,58.4,9,0,6,5,1
7.1,75.0,8,94.9,8,1,2,6,1
7.36,54.7,5,68.7,1,0,5,1,1
6.13,70.2,3,90.3,4,0,4,8,1
7.03,78.5,3,70.5,2,1,6,7,1
7.63,73.1,7,70.5,10,1,8,1,1
7.68,75.6,5,92.6,10,0,1,7,1
8.71,44.7,10,89.9,7,0,8,3,1
8.4,78.7,5,80.5,4,1,2,8,1
5.9,49.2,6,87.1,0,1,0,4,1
8.85,65.9,1,74.5,2,0,4,3,1
6.42,65.9,2,77.9,1,0,3,6,0
8.15,69.3,9,70.1,8,1,2,5,1
7.07,67.1,4,88.8,0,1,4,4,0
6.55,49.3,5,69.7,7,0,9,9,1
5.01,41.8,6,95.8,10,1,6,7,1
6.81,75.1,1,74.2,3,1,8,5,1
5.28,64.8,6,78.2,7,1,1,3,0
8.06,79.2,4,87.1,9,1,0,6,1
8.67,61.3,2,78.3,4,1,3,1,0
6.12,40.9,5,74.4,4,0,8,9,0
7.33,76.5,5,77.6,2,0,9,1,1
6.2,56.4,2,88.7,4,1,1,7,1
6.31,67.1,6,70.0,9,1,5,4,1
7.85,52.3,8,76.5,7,0,4,8,1
6.96,86.7,3,78.1,2,0,8,4,1
8.91,48.9,10,88.4,5,1,2,1,1
6.47,56.9,7,76.8,7,1,5,10,1
8.1,63.6,8,99.7,0,0,9,8,1
7.11,45.6,1,76.1,8,0,5,1,0
7.88,67.0,8,75.1,2,0,8,1,1
6.51,86.2,4,75.9,3,1,6,6,1
6.95,54.6,8,62.2,4,1,6,10,1
6.87,67.9,9,65.6,5,0,2,6,1
6.08,20.8,3,71.6,10,0,10,1,0
7.73,61.4,3,91.6,2,1,2,7,0
7.72,57.3,1,77.6,2,0,10,5,0
7.65,49.7,7,72.2,4,1,10,7,1
8.69,78.2,8,92.7,9,0,5,4,1
8.59,57.1,5,96.6,10,0,9,1,1
6.59,59.3,2,93.1,4,0,7,1,0
7.41,56.3,4,67.8,7,0,8,7,1
6.31,33.2,5,72.1,10,1,0,7,1
7.03,45.0,10,99.8,9,1,1,4,1
6.34,76.4,2,80.9,7,0,0,1,0
8.78,30.4,4,74.8,5,0,0,8,1
7.4,50.5,7,86.6,10,1,9,2,1
6.76,56.0,3,90.1,2,1,1,2,0
8.31,88.2,9,71.1,3,0,0,5,1
4.61,73.5,10,80.6,7,0,10,8,1
4.78,53.6,4,89.1,0,0,3,10,1
7.88,81.6,8,64.1,5,0,8,7,1
7.07,50.9,8,78.1,9,1,10,10,1
7.28,77.1,7,64.6,1,0,5,7,1
5.54,41.6,2,66.2,8,0,10,9,0
6.97,78.1,1,71.2,4,1,10,2,1
9.2,55.9,4,83.7,9,0,1,1,1
7.91,46.6,2,74.1,6,0,1,7,0
7.19,58.7,3,70.2,1,0,4,10,0
6.52,66.2,7,78.6,8,1,6,8,1
6.57,54.6,6,64.2,0,1,8,4,1
4.66,70.3,3,83.1,2,0,2,5,1
7.28,53.3,1,91.6,9,1,2,2,1
7.93,71.3,3,77.0,9,0,3,4,0
5.27,68.6,5,75.6,0,0,2,7,1
6.27,61.1,8,82.5,4,0,10,2,0
5.73,55.4,4,53.7,1,0,4,5,0
5.94,64.3,3,84.4,2,0,9,3,0
7.06,70.3,6,100.0,10,1,0,5,1
4.71,92.9,1,76.5,2,0,1,8,0
7.68,76.1,3,76.6,7,1,8,9,0
7.83,76.6,1,86.9,8,1,2,5,1
6.72,100.0,6,97.7,9,0,0,9,1
4.27,69.7,5,89.7,3,0,6,8,0
5.9,69.3,6,52.1,7,0,1,10,1
8.36,72.6,7,84.8,5,0,0,8,1
4.0,46.9,4,100.0,1,0,4,6,0
6.62,55.3,9,85.5,2,1,6,7,1
5.7,54.4,10,64.1,8,1,5,4,1
7.89,71.7,2,81.4,7,0,6,7,1
6.26,59.4,10,62.6,5,0,0,8,1
7.44,64.1,2,92.8,8,0,3,7,1
7.62,78.3,3,66.5,7,1,3,2,1
9.02,74.9,6,78.9,3,0,3,6,1
6.78,59.6,1,67.7,3,0,6,8,0
7.41,52.0,4,71.4,10,1,2,2,0
5.37,79.0,2,95.8,10,0,6,8,1
8.31,73.6,5,79.2,0,0,10,9,1
6.16,37.9,9,71.3,8,1,7,6,0
6.38,57.3,10,64.3,1,0,4,10,0
6.98,64.5,3,55.5,9,0,4,9,1
5.28,73.7,6,63.0,6,0,6,5,0
7.25,75.7,5,79.3,7,0,7,9,1
8.06,66.3,5,89.8,7,1,3,10,1
7.32,70.8,7,71.3,6,0,0,2,1
5.25,63.0,10,96.8,2,1,7,10,1
6.86,51.9,5,69.4,8,0,7,1,0
7.82,58.1,1,75.1,6,1,1,5,0
4.93,62.3,10,65.0,5,1,6,10,1
5.82,61.5,10,89.9,3,0,0,8,1
7.96,33.7,4,100.0,0,1,7,3,0
7.3,56.0,6,56.9,6,1,8,7,1
7.45,62.8,9,73.8,3,1,0,3,1
9.05,57.8,6,93.2,7,0,7,3,1
7.52,58.3,5,60.6,4,1,1,10,1
7.72,69.3,10,84.8,10,0,2,1,1
9.98,45.8,9,92.7,7,1,7,10,1
6.76,37.6,6,78.9,5,1,3,5,1
6.12,56.8,2,84.6,7,0,10,1,0
7.47,73.5,5,99.1,7,1,10,8,1
7.48,87.3,7,100.0,6,1,10,1,1
6.42,73.7,3,77.3,6,0,1,4,0
5.86,40.0,6,71.6,10,0,1,3,1
9.54,58.5,7,67.0,3,0,2,8,1
7.36,65.8,1,89.7,4,0,6,4,0
6.19,64.7,6,61.5,2,0,4,7,0
8.01,70.1,8,75.0,6,1,8,1,1
6.88,48.2,3,79.2,10,0,3,7,0
6.72,63.0,6,72.0,6,1,2,8,1
7.62,68.3,8,81.4,2,1,7,3,1
5.58,74.4,1,100.0,10,1,6,9,1
7.39,49.9,7,76.5,8,0,7,5,1
9.1,56.8,3,72.8,4,0,3,7,1
7.51,21.4,4,90.2,1,1,5,2,1
6.59,52.7,7,80.9,4,0,10,10,1
6.44,54.1,1,95.3,8,0,6,3,0
6.55,46.7,1,80.0,6,1,10,7,1
6.72,64.5,5,75.0,2,0,4,1,0
6.58,61.2,10,56.6,1,0,0,1,0
8.01,28.1,1,58.6,10,0,8,2,1
5.09,65.2,8,56.0,4,0,5,10,1
7.95,48.1,1,82.6,7,1,0,3,0
6.58,69.3,5,61.7,3,0,1,9,1
7.41,42.8,5,93.1,0,1,3,6,1
5.76,62.5,5,78.4,4,1,2,1,0
8.46,57.8,1,75.1,7,0,7,5,1
8.37,66.5,8,67.9,3,0,6,5,1
8.06,63.9,3,85.5,6,0,3,3,0
5.33,58.2,8,68.3,4,1,0,7,1
7.91,39.0,7,66.2,3,1,0,9,1
7.45,39.8,6,92.3,2,0,10,9,1
5.23,53.2,4,82.3,2,0,3,6,0
6.97,61.9,7,75.2,2,0,1,9,1
7.4,52.9,10,85.7,7,0,7,10,1
7.61,71.4,10,78.1,3,0,9,1,1
7.19,57.8,10,82.6,8,0,1,7,1
7.32,47.5,3,68.2,3,1,10,8,1
8.62,57.8,6,100.0,3,0,7,1,0
8.35,65.4,4,71.0,10,0,2,7,1
4.0,66.9,10,96.7,9,1,8,10,1
6.65,90.2,10,75.7,4,1,4,3,1
6.82,52.0,9,87.7,2,0,6,9,1
5.07,60.9,2,86.8,7,1,1,10,1
7.1,68.4,4,91.8,0,0,2,7,0
8.37,61.6,8,67.9,5,1,8,7,1
5.8,54.5,8,90.9,6,0,8,6,1
7.37,38.8,4,100.0,7,1,0,5,1
5.99,54.3,2,74.9,1,0,2,5,0
6.26,45.9,2,78.4,0,1,6,6,0
8.63,36.1,7,71.7,3,1,9,5,1
6.4,50.1,5,73.8,1,0,7,9,0
7.51,46.3,5,98.5,5,0,7,8,1
4.94,70.8,9,65.9,10,0,4,4,1
9.05,71.0,1,66.7,3,0,0,6,0
7.66,48.4,8,97.3,4,1,8,3,1
6.8,58.1,3,85.5,2,1,8,2,1
7.63,34.1,10,100.0,0,0,4,4,0
5.45,54.6,10,72.6,7,0,5,1,1
8.3,68.0,6,79.5,2,1,2,9,1
6.64,74.4,4,70.1,6,0,4,2,0
6.78,51.3,3,79.7,7,1,2,4,1
6.46,77.8,2,56.7,9,0,4,3,0
6.36,39.3,10,86.2,2,0,1,3,0
7.76,43.3,2,81.9,6,0,6,4,0
7.28,72.6,5,77.3,10,0,2,8,0
7.72,87.1,5,73.3,5,1,7,9,1
6.99,69.4,7,67.3,0,0,5,2,0
7.56,61.4,9,86.7,2,1,9,3,1
6.54,29.1,6,63.9,8,1,2,5,0
9.45,31.7,8,84.1,8,0,3,4,1
5.28,63.9,6,100.0,3,0,2,8,0
8.39,56.6,5,95.8,2,1,6,3,1
8.5,45.4,2,59.9,3,1,1,5,0
6.06,63.0,3,71.6,2,0,7,6,0
9.45,63.7,5,83.1,8,0,9,4,1
8.1,76.2,1,77.2,9,1,7,7,1
8.07,64.0,4,61.2,0,0,1,8,1
7.03,80.4,5,82.6,8,1,5,6,1
6.76,62.1,5,77.9,8,0,5,5,1
6.77,60.3,9,100.0,6,1,4,10,1
7.43,78.0,10,75.0,9,0,5,10,1
8.54,47.3,8,92.0,0,1,8,10,1
7.2,100.0,1,62.8,7,0,9,1,0
6.0,67.6,5,65.7,1,0,3,9,1
7.91,67.7,8,86.7,9,0,3,9,1
8.01,69.9,6,91.0,5,1,2,9,1
7.72,90.2,5,66.5,0,0,4,8,1
7.82,73.9,5,78.3,8,0,6,4,1
6.7,37.9,5,61.4,8,1,7,8,1
5.98,83.1,6,75.8,5,0,2,6,1
6.04,56.9,2,88.0,3,0,2,9,1
5.2,63.6,6,72.8,0,1,0,4,0
7.26,42.8,3,75.0,9,1,1,8,1
6.91,69.9,7,64.4,2,1,0,8,1
6.52,52.2,9,70.2,9,0,2,9,1
4.0,63.5,6,99.1,6,0,7,2,1
5.63,57.7,4,78.9,7,1,8,9,1
8.23,90.9,10,66.0,7,0,10,3,1
6.27,91.7,7,74.2,9,1,5,10,1
7.4,62.7,5,58.8,0,0,5,1,0
5.47,63.0,1,65.8,10,1,9,3,0
8.58,56.4,1,94.3,0,1,1,7,1
6.84,78.6,3,76.3,10,0,6,6,1
7.32,57.1,3,100.0,2,0,8,7,0
9.56,55.7,8,76.9,9,0,5,5,1
8.67,76.7,6,77.6,0,0,2,1,1
6.66,53.9,10,85.7,5,1,6,7,1
6.35,61.4,6,45.9,5,0,10,6,0
6.64,38.3,10,80.5,10,0,2,6,0
7.56,72.6,6,77.4,1,0,6,4,1
6.88,91.1,4,95.8,0,1,0,9,0
6.57,72.8,8,89.6,7,0,2,8,1
8.61,83.9,5,64.4,0,0,8,2,1
6.87,49.3,3,92.9,8,1,5,1,1
9.53,65.5,5,74.9,0,0,2,2,1
7.1,47.9,7,67.1,10,0,3,1,1
8.96,58.6,4,80.4,5,1,1,8,1
7.39,73.6,8,75.6,10,0,8,7,1
8.06,63.5,10,96.5,1,1,10,5,1
6.2,40.8,5,82.1,3,1,1,6,0
6.06,42.3,3,80.5,5,1,2,9,0
7.51,41.3,5,88.8,0,0,9,9,1
8.09,69.4,9,91.1,1,0,9,5,1
7.04,93.0,2,87.4,3,0,8,6,1
5.58,82.4,10,95.0,8,0,7,6,1
5.5,33.6,5,85.3,7,0,9,10,0
5.43,83.3,9,80.0,0,0,4,8,0
5.06,76.0,8,92.9,0,1,9,4,1
7.12,38.8,8,76.9,7,0,9,9,1
8.24,57.5,10,78.4,3,1,2,4,1
6.99,78.4,2,98.7,8,1,0,8,1
4.51,70.3,6,97.5,3,1,5,10,1
6.79,42.4,1,77.9,3,1,8,9,1
6.82,71.2,3,72.6,2,1,9,2,1
9.31,29.9,1,95.6,2,0,1,3,0
5.4,58.7,7,87.6,7,0,4,8,1
6.57,79.1,7,81.8,5,1,8,2,1
8.88,62.3,8,74.1,7,1,0,1,0
7.49,54.5,2,82.0,0,1,7,3,0
7.62,75.3,4,77.7,5,1,3,5,1
7.13,76.6,7,70.0,5,0,0,2,1
7.36,81.7,9,79.5,10,0,2,2,1
7.86,75.1,9,81.2,4,1,8,4,1
6.11,78.2,1,73.5,1,0,9,6,0
7.97,73.0,5,88.8,7,0,0,6,0
5.49,66.0,1,93.5,1,1,5,8,0
7.36,63.3,9,89.6,9,1,2,10,1
7.2,58.4,2,74.7,4,0,7,1,0
6.32,43.8,9,87.1,8,1,8,7,1
6.98,47.7,2,78.9,7,0,10,2,1
6.32,57.8,1,63.2,5,1,3,4,1
5.82,65.6,9,86.1,6,0,3,4,0
6.61,83.6,5,79.8,2,1,3,8,1
5.79,61.4,5,100.0,0,0,8,3,0
7.36,77.1,7,95.5,8,0,4,9,1
5.73,78.2,3,86.5,10,0,0,4,0
7.78,58.5,7,81.0,9,0,10,9,1
5.7,70.9,5,80.0,3,0,1,10,0
6.38,58.3,3,66.0,3,1,10,6,0
6.31,81.8,4,57.1,3,1,1,2,0
8.46,71.5,1,67.5,7,0,5,8,1
7.36,44.1,4,77.4,6,1,3,5,1
6.77,64.4,6,52.7,8,1,7,4,1
7.55,86.7,2,71.5,10,1,4,5,1
4.68,59.3,2,75.0,4,0,4,3,0
6.95,68.7,7,75.4,7,0,5,3,0
9.2,70.2,5,70.1,5,1,10,10,1
7.15,46.5,2,73.9,10,0,2,3,1
7.07,69.7,8,98.7,3,0,2,5,0
7.6,41.1,8,85.9,2,1,0,8,1
7.99,52.6,1,71.3,4,0,8,3,1
4.8,78.1,3,77.2,6,1,7,7,0
5.15,67.4,4,77.7,10,0,6,9,0
7.23,57.4,8,68.8,9,1,0,9,1
6.21,68.7,1,68.8,0,1,8,1,0
8.44,61.1,9,90.1,5,1,8,5,1
6.65,62.2,4,73.0,1,1,10,1,0
4.87,71.9,2,64.9,3,1,10,7,0
5.61,51.1,9,77.5,10,0,2,4,1
4.0,62.6,1,79.4,10,1,7,9,1
6.74,57.3,2,54.3,1,1,4,2,0
6.79,38.2,10,77.5,1,0,6,9,1
6.53,48.2,6,88.4,7,0,3,4,1
8.19,85.5,5,83.4,4,0,7,10,1
8.32,67.8,7,100.0,4,0,10,2,1
6.81,42.1,7,93.0,9,1,7,3,0
4.65,38.9,7,95.4,10,0,10,4,0
7.68,60.3,1,100.0,9,0,10,10,1
7.61,85.4,6,87.1,8,0,1,8,1
7.34,59.2,3,80.0,10,0,10,9,1
8.08,81.6,9,89.7,7,1,9,6,1
5.72,67.3,6,71.3,9,0,4,8,1
9.21,69.1,2,79.3,5,0,6,7,1
5.94,42.0,9,70.2,0,0,6,7,0
7.82,76.1,3,82.8,8,1,8,9,1
5.14,57.0,3,70.2,10,1,8,10,1
5.98,74.9,10,69.8,3,0,1,6,1
8.67,49.8,8,83.0,4,0,0,5,1
6.71,64.7,9,76.3,6,0,2,7,1
7.92,67.3,7,54.9,7,0,5,8,1
7.26,59.7,10,60.5,7,1,9,10,1
6.88,68.1,2,64.2,4,0,7,7,0
8.5,58.0,6,67.4,9,0,1,10,1
6.74,52.3,3,83.0,8,0,7,8,1
5.04,86.1,4,80.6,10,0,5,10,1
6.12,77.7,3,90.8,6,0,4,8,1
7.61,50.6,3,87.0,0,0,8,9,1
7.44,70.5,5,90.9,9,0,3,2,1
5.28,50.9,10,85.3,0,0,6,10,1
6.2,44.2,7,80.5,2,0,2,4,1
6.36,77.5,4,91.2,3,1,4,8,1
6.6,36.4,5,89.0,2,0,6,4,0
5.49,75.9,6,82.5,7,0,6,5,1
6.31,58.2,3,93.3,4,0,10,8,1
6.2,58.8,6,49.9,2,1,3,6,1
7.85,68.1,7,74.5,0,1,9,8,1
7.89,70.7,3,74.3,2,1,8,1,1
6.84,49.6,6,91.8,7,1,3,9,1
6.57,72.8,8,96.9,8,1,1,5,1
7.15,63.7,6,60.6,3,0,2,8,1
6.1,43.2,3,94.9,0,1,7,3,0
5.74,59.5,6,63.9,6,1,8,6,1
5.97,82.7,8,64.3,8,0,6,6,1
6.3,87.1,3,75.2,0,0,7,2,1
5.72,72.8,6,74.2,8,0,1,5,1
7.18,44.1,7,59.3,1,0,5,7,1
7.8,69.4,4,85.8,2,1,9,9,1
5.25,74.8,4,86.2,6,0,4,9,1
7.03,72.9,9,90.6,0,1,9,4,1
6.76,73.8,4,72.8,3,1,1,7,1
7.38,67.4,6,77.5,1,0,10,2,1
6.99,60.9,2,77.6,2,0,8,9,1
5.4,52.9,10,98.3,8,1,6,9,1
5.61,33.5,6,44.0,2,1,6,10,1
7.03,67.1,8,66.5,0,0,10,5,0
8.13,64.8,7,78.1,2,0,4,4,1
4.56,70.4,4,65.0,0,1,1,8,0
7.38,41.9,4,74.9,6,1,10,8,1
8.31,71.7,8,76.5,10,0,1,3,1
6.83,92.8,9,70.1,1,0,7,6,1
7.61,63.2,2,78.8,8,1,2,7,1
6.23,61.1,9,85.5,3,0,10,5,1
6.87,66.6,9,75.2,0,0,10,4,1
5.22,92.5,2,72.6,7,0,5,3,1
4.42,46.6,2,76.0,2,0,5,5,0
8.04,65.0,7,77.9,5,0,5,3,1
5.92,50.0,9,57.1,5,1,4,4,1
6.5,53.8,4,83.5,6,1,10,2,0
5.47,61.3,7,72.6,1,0,3,4,0
5.45,82.2,10,93.1,2,0,10,7,1
6.81,89.0,4,85.1,8,0,7,4,1
6.2,68.7,3,92.0,10,1,10,2,0
7.42,56.4,10,65.9,0,1,6,9,1
7.5,99.4,3,73.5,4,1,9,5,1
7.35,55.6,5,63.1,9,1,5,6,1
7.26,53.4,5,69.5,3,1,5,6,1
8.74,35.4,6,93.0,4,1,2,6,1
5.83,82.9,3,95.8,9,0,2,5,1
6.94,76.5,7,64.2,10,1,0,8,1
8.25,98.3,7,72.5,7,1,4,9,1
8.39,41.2,3,77.1,7,0,10,10,1
5.44,83.9,5,85.0,6,0,10,5,0
6.66,63.1,1,56.9,3,1,7,4,0
8.49,74.1,3,58.8,9,0,3,1,0
7.56,37.3,10,83.9,0,1,5,5,1
7.21,84.0,6,54.6,0,0,8,10,1
6.76,73.8,7,72.6,6,0,0,3,1
6.58,61.4,9,79.9,9,0,10,9,1
7.32,71.7,8,83.0,8,1,9,8,1
6.72,50.5,8,76.3,7,0,10,7,1
6.95,53.3,8,73.6,4,1,1,6,1
7.09,55.0,5,88.1,3,0,10,8,1
6.25,34.2,7,81.4,4,0,6,1,0
7.59,74.9,3,70.2,2,0,6,2,0
10.0,79.9,9,78.5,4,0,1,2,1
5.05,51.5,2,82.6,1,1,5,8,1
7.36,67.2,9,98.6,3,1,3,5,1
6.16,58.0,9,87.4,10,0,10,3,1
7.64,66.9,2,92.6,7,0,3,1,1
7.05,52.6,8,70.7,1,1,2,5,1
7.84,48.7,10,71.7,3,1,10,4,1
8.29,77.8,6,75.2,2,0,2,2,0
7.21,61.0,4,76.3,3,1,9,1,1
8.25,92.3,9,65.9,7,0,10,8,1
4.42,62.7,6,93.2,9,0,3,8,1
8.75,48.1,2,88.6,7,1,7,3,0
7.41,80.4,3,74.3,5,1,8,5,1
8.19,71.5,7,85.7,1,1,5,3,1
5.66,72.9,5,80.7,1,0,7,5,1
6.09,79.9,3,86.6,8,0,1,2,0
7.16,52.2,8,61.9,7,1,5,10,1
6.98,60.1,2,76.3,5,0,5,8,1
7.31,59.4,3,77.3,6,0,6,10,0
8.19,42.6,5,85.5,9,1,10,3,1
5.06,58.0,1,70.5,8,0,9,9,0
8.07,82.0,4,48.0,0,0,6,6,1
7.01,65.6,10,65.0,4,0,4,2,0
6.78,41.8,10,77.3,0,1,4,4,0
5.38,38.7,9,78.8,4,0,0,9,0
7.55,87.0,4,98.2,7,0,6,8,1
4.34,60.6,1,85.0,2,0,2,8,0
7.71,52.3,9,79.0,1,0,9,3,1
5.36,57.9,4,77.6,5,0,8,7,1
7.06,39.8,8,91.3,5,1,10,10,1
6.87,83.3,2,70.9,7,0,10,1,0
8.29,56.1,7,76.3,0,0,4,4,0
6.8,82.5,6,64.9,2,0,4,1,1
6.24,62.8,10,95.0,8,0,6,2,0
6.44,83.4,2,82.7,7,0,4,10,1
8.4,65.9,5,69.5,9,1,3,3,1
7.59,74.8,10,76.6,8,1,7,2,1
6.58,72.8,4,84.1,9,1,4,1,0
6.74,71.3,7,75.0,5,0,10,10,1
5.28,67.2,2,71.6,10,1,2,5,1
7.43,58.5,8,70.1,4,1,4,8,1
5.06,90.7,3,82.1,9,0,5,3,0
7.83,48.4,6,73.7,4,0,9,7,1
7.14,62.1,9,72.6,4,1,6,9,1
9.63,62.2,7,62.0,7,0,0,7,1
5.79,68.0,5,78.9,4,0,3,6,1
6.89,55.6,2,75.8,1,1,9,3,1
8.98,66.7,4,74.1,9,0,2,3,1
8.31,59.5,9,80.4,4,1,3,6,1
6.23,38.3,3,87.0,10,0,1,5,0
7.25,62.1,7,86.4,4,0,7,1,0
7.0,45.5,5,84.6,10,0,1,2,0
7.31,36.0,4,75.1,6,0,4,5,0
6.23,64.1,8,71.2,8,1,7,2,1
6.9,69.3,4,65.5,8,1,9,6,1
5.24,69.9,3,70.9,2,1,2,4,0
7.15,70.5,6,78.2,8,0,3,3,1
7.5,33.0,8,68.6,10,0,1,2,0
6.75,41.6,9,79.2,7,0,4,6,0
5.22,91.6,7,66.4,10,0,10,2,1
8.09,46.3,7,58.1,9,1,3,7,1
7.4,71.2,8,87.8,7,0,2,10,1
6.2,51.7,3,72.3,5,0,4,10,1
6.69,63.2,3,68.0,9,0,9,7,1
5.35,52.5,5,64.9,2,1,6,9,1
5.87,70.4,7,83.1,6,0,6,10,1
6.41,64.1,7,94.5,8,1,8,7,1
8.35,55.3,2,73.2,10,1,7,3,1
6.3,46.2,8,75.4,2,1,6,6,1
7.7,66.0,4,90.9,1,0,6,9,0
6.41,43.8,9,56.3,3,0,5,7,1
7.27,68.4,8,100.0,9,0,1,4,1
6.84,100.0,10,100.0,5,1,4,2,1
7.96,82.3,7,45.5,0,1,9,2,1
6.41,72.8,6,76.8,1,0,0,4,0
5.27,60.7,2,69.4,3,0,9,9,0
5.48,32.9,4,74.8,3,0,6,6,0
6.41,42.2,9,73.0,1,1,3,1,1
5.63,81.2,4,87.7,5,0,1,10,0
7.45,50.2,1,76.6,5,0,8,5,0
6.49,51.5,3,67.1,2,1,0,4,0
9.61,59.5,6,75.9,2,0,5,9,1
5.09,46.1,7,84.2,7,0,1,4,0
7.22,43.6,10,63.8,10,0,9,7,1
5.76,61.2,10,58.2,10,0,2,10,0
6.46,48.6,6,100.0,6,1,8,6,1
7.16,50.9,6,70.3,0,0,6,7,0
4.44,50.3,9,76.4,9,0,0,4,0
7.26,69.8,1,73.2,10,0,7,9,0
9.09,58.5,6,84.6,3,0,9,1,1
6.5,59.3,5,99.3,4,1,2,3,0
7.29,71.0,8,85.0,0,1,10,10,1
8.13,59.9,9,59.8,8,0,8,5,1
6.82,57.8,7,61.4,8,0,8,2,0
6.36,69.1,7,73.2,0,0,3,5,0
4.5,72.0,7,74.8,7,0,1,3,0
7.71,59.8,6,57.3,4,0,4,6,1
6.88,63.2,3,87.8,6,1,8,3,1
5.89,50.3,3,65.0,2,0,6,4,0
7.14,49.1,8,95.9,8,0,7,10,1
6.36,73.5,7,99.8,4,0,8,1,0
6.42,68.7,3,75.0,9,1,3,8,1
7.67,68.8,9,83.3,1,0,0,1,0
5.53,66.2,10,63.2,6,1,9,5,1
8.15,62.7,7,85.5,3,0,6,7,1
5.46,72.4,3,72.0,10,1,6,10,1
6.27,76.0,10,65.0,6,1,6,3,1
9.12,75.7,3,74.5,7,0,9,1,0
8.24,60.5,5,72.4,0,0,8,8,1
7.11,82.8,9,74.1,7,0,7,9,1
5.97,65.4,6,89.4,1,1,8,6,0
6.42,71.5,3,68.6,3,1,3,1,1
7.08,66.2,1,98.8,2,0,7,6,1
7.04,65.7,4,62.1,0,0,10,4,0
6.9,51.0,7,97.4,6,0,2,5,1
6.97,72.5,8,65.8,2,0,6,1,1
6.76,100.0,3,78.0,5,1,7,4,1
5.41,56.4,2,72.1,8,0,5,10,0
6.43,63.1,8,73.9,1,0,10,1,1
8.01,55.3,2,87.6,7,1,4,10,1
5.49,54.7,1,96.0,3,1,2,6,0
6.79,85.2,5,92.3,3,1,1,6,1
6.1,51.9,6,73.1,6,0,9,10,1
7.12,54.9,3,80.2,6,1,7,3,1
6.57,38.2,3,68.6,7,0,6,10,1
8.63,50.6,3,66.1,2,0,4,3,0
7.56,36.4,4,64.2,6,0,4,4,0
5.56,71.5,1,72.7,2,1,10,5,0
7.74,100.0,1,81.0,3,0,7,7,1
6.15,56.5,4,55.1,10,1,10,4,1
6.37,37.0,1,77.4,1,1,8,8,0
7.35,75.5,4,96.2,4,1,8,1,1
6.46,51.1,6,91.5,4,1,6,7,1
7.98,81.5,1,71.0,2,1,2,7,1
6.15,57.8,7,61.2,8,0,7,6,0
6.32,52.5,7,83.5,5,0,7,7,1
6.28,59.3,6,50.2,7,1,5,8,1
6.38,73.4,7,91.3,4,0,0,10,0
8.21,58.6,9,75.4,9,0,10,3,1
7.69,54.5,1,100.0,8,1,9,5,1
8.88,59.0,2,57.3,3,0,3,6,0
9.49,42.9,4,89.0,10,1,5,4,1
5.87,68.0,7,76.8,9,0,1,10,1
7.08,35.2,9,74.0,6,1,10,6,1
5.71,55.3,10,61.6,0,0,2,6,0
6.14,73.4,6,85.1,6,1,4,2,1
6.31,66.5,5,86.1,7,1,4,5,1
5.84,70.9,5,99.4,4,0,2,7,1
5.84,61.0,1,90.1,1,0,6,5,0
6.84,79.5,5,70.9,6,0,10,8,1
5.66,75.9,6,66.0,8,0,9,2,1
7.93,68.7,3,61.6,3,0,5,2,0
5.99,75.9,8,95.7,5,0,1,4,1
10.0,73.3,9,68.7,0,1,9,4,1
6.5,55.4,4,95.8,7,0,2,9,1
7.08,41.8,10,84.3,9,0,10,9,1
5.58,68.3,2,82.0,8,0,4,5,1
8.88,70.2,10,74.3,4,0,5,6,1
8.23,78.4,8,85.9,0,0,4,3,1
7.33,48.0,3,77.8,5,1,5,6,1
5.52,48.4,7,73.6,10,1,1,8,1
7.23,68.9,4,86.4,0,0,6,8,1
5.77,60.9,8,76.3,2,1,4,10,1
8.61,33.7,2,68.4,9,0,9,6,1
7.89,67.6,3,85.2,6,0,5,4,1
7.1,34.2,4,77.2,1,1,10,1,1
4.32,47.8,2,83.9,0,0,3,7,0
5.92,82.3,4,72.6,4,0,3,9,1
7.76,89.4,7,63.5,6,1,0,6,1
8.33,43.8,7,98.8,9,0,8,10,1
8.22,57.1,6,96.6,9,0,0,4,0
5.25,62.6,2,88.6,5,0,3,1,0
7.33,88.7,3,73.3,4,1,10,7,1
8.12,54.6,10,74.4,10,1,6,2,1
5.18,54.8,3,94.6,8,1,6,1,0
6.99,85.2,2,73.8,2,0,8,8,1
7.3,56.4,5,70.4,7,1,8,5,1
6.67,72.8,1,100.0,7,0,9,7,1
4.96,39.8,4,77.4,2,0,7,8,0
6.64,59.4,9,99.2,10,0,4,4,0
6.64,37.1,3,61.2,3,1,1,7,1
6.84,46.2,8,84.2,6,0,4,6,1
6.38,74.6,5,100.0,5,1,7,6,1
6.51,61.3,4,78.4,7,0,2,8,1
6.96,57.2,7,74.8,9,0,7,4,1
7.49,50.8,6,64.0,4,1,1,6,1
6.67,58.7,4,91.0,4,1,0,6,1
6.55,66.5,3,68.8,8,0,4,2,0
7.1,76.7,10,76.9,10,1,2,3,1
4.89,22.6,2,63.2,9,0,9,1,0
7.52,49.5,10,96.7,8,1,4,2,1
7.0,64.4,5,91.9,7,0,4,5,1
7.04,60.5,10,77.6,8,0,4,10,1
8.06,68.1,4,64.2,10,0,3,10,0
4.85,66.0,6,96.4,0,0,10,8,1
4.83,57.4,7,73.6,6,0,8,6,0
7.3,54.1,4,64.7,0,0,1,3,1
6.99,58.3,3,56.9,6,1,2,4,1
7.19,79.2,6,70.2,4,0,0,8,0
6.49,51.0,7,60.5,3,0,2,10,1
7.73,61.1,3,70.5,9,0,7,10,1
8.03,64.8,8,86.9,7,1,10,4,0
7.53,85.4,7,73.5,6,0,5,5,1
6.71,57.5,2,82.3,9,0,0,6,1
4.68,76.4,10,69.3,1,1,0,1,0
7.85,80.5,1,78.8,7,0,4,2,1
8.34,61.0,7,100.0,1,1,2,1,1
7.71,58.8,5,73.8,2,0,6,8,1
6.03,57.1,7,82.6,2,1,1,3,0
7.74,58.2,8,59.2,5,0,2,8,0
7.95,74.8,7,96.2,6,1,6,4,1
8.71,65.5,7,72.3,8,1,3,8,1
6.04,65.5,9,90.6,4,0,4,2,1
6.75,45.1,8,76.5,10,0,2,4,1
7.82,47.5,9,85.3,4,0,0,3,0
7.06,94.2,5,86.1,1,0,3,5,1
5.77,59.3,3,72.6,0,1,3,6,0
7.46,50.4,3,91.1,1,0,9,2,0
7.64,83.5,7,68.9,4,1,9,7,1
7.1,66.2,6,87.3,4,1,4,10,1
7.24,70.7,1,73.3,9,1,3,1,1
6.72,59.9,3,82.2,1,1,4,1,1
8.63,57.2,10,72.5,2,0,6,10,1
6.01,59.5,8,78.6,10,0,4,7,1
6.35,41.3,8,65.1,0,0,8,10,0
7.01,60.7,2,81.0,4,0,10,8,1
7.97,66.4,1,78.5,2,0,4,8,1
5.35,89.8,3,71.5,5,0,1,2,0
5.56,63.3,9,77.3,10,0,1,6,1
4.76,27.0,6,79.6,2,0,9,4,1
7.04,60.6,8,70.6,4,0,4,9,0
5.77,100.0,5,76.5,4,0,3,1,1
6.58,75.0,5,65.9,8,0,6,1,0
7.73,49.8,7,100.0,10,0,10,6,1
6.29,70.9,10,90.7,1,1,4,10,1
7.25,50.9,5,81.3,5,1,3,10,1
6.67,41.7,6,92.1,8,0,9,6,1
7.74,56.8,10,54.2,0,0,0,5,0
7.52,63.4,4,47.3,8,0,9,3,1
6.24,33.9,9,73.2,2,0,5,10,1
6.81,44.8,6,61.5,5,0,0,2,0
8.15,62.2,9,75.2,10,1,2,2,1
7.43,55.9,5,80.5,6,0,7,6,1
5.46,67.9,7,89.0,10,0,8,4,1
7.72,43.8,4,64.3,6,1,2,5,1
5.81,72.7,7,82.8,2,0,7,10,1
8.55,44.2,4,78.2,7,0,10,3,1
8.13,86.6,7,82.2,6,0,7,9,1
7.32,36.3,8,71.8,3,1,7,3,0
7.17,45.6,5,94.6,0,0,2,4,0
6.77,68.3,5,76.8,7,1,7,1,1
7.75,87.0,4,99.3,6,1,7,7,1
6.59,66.7,8,68.5,8,0,1,9,1
7.26,70.4,6,86.9,1,1,3,9,1
7.96,62.3,6,77.3,5,0,9,2,1
6.38,46.6,1,74.1,9,0,10,8,1
6.32,54.6,2,85.6,9,0,1,2,0
5.69,43.8,1,74.4,10,1,8,7,0
5.83,42.8,9,46.1,2,0,5,8,1
4.99,68.0,9,41.2,1,0,6,2,0
7.8,45.2,1,93.3,6,1,5,2,1
8.99,66.8,1,92.8,5,0,9,1,1
8.57,42.5,8,100.0,2,1,4,8,1
5.21,66.4,6,77.8,1,1,6,7,1
7.8,54.7,4,62.5,1,0,7,2,0
8.56,83.1,7,73.0,3,1,6,6,1
6.5,66.9,3,78.1,8,1,9,8,1
7.11,80.5,2,65.9,0,0,2,3,0
4.79,50.7,4,97.8,1,1,10,7,0
7.29,62.8,9,100.0,2,1,7,3,1
5.83,47.3,8,83.7,9,1,10,3,1
7.22,55.8,2,77.9,10,1,4,4,0
5.28,58.1,6,62.5,4,0,5,4,0
7.6,51.1,9,96.6,0,0,0,5,1
8.13,43.8,10,78.9,0,0,10,3,1
6.14,40.8,8,74.5,9,0,8,4,1
5.75,26.9,2,83.8,4,1,3,7,0
4.63,46.2,3,71.0,0,1,0,4,0
6.71,71.4,3,79.8,9,0,7,7,1
6.36,38.0,2,60.7,5,0,7,2,0
5.29,41.5,2,91.0,3,1,5,2,0
7.5,88.9,4,76.7,4,0,1,9,1
6.51,52.5,6,91.9,2,1,10,5,1
5.82,66.8,4,75.6,10,1,4,7,1
6.39,71.6,5,76.4,8,0,7,8,1
8.18,71.9,3,63.5,2,0,9,2,1
7.66,39.2,2,87.1,8,1,6,10,1
6.86,58.5,10,67.5,1,0,1,5,1
7.68,37.7,6,72.2,4,1,9,9,1
5.72,98.7,3,78.0,8,0,7,5,1
7.04,38.1,9,79.5,0,0,9,5,0
7.16,46.3,9,57.5,7,0,6,7,0
6.48,46.4,10,75.2,2,1,9,2,0
7.48,39.6,2,87.5,7,1,9,7,1
6.14,82.3,7,73.5,5,1,2,10,1
7.56,98.3,10,75.3,0,0,1,7,1
7.61,54.9,9,79.9,8,1,1,1,1
4.0,42.2,3,76.5,2,0,8,7,0
8.31,28.4,9,65.6,10,0,2,1,0
4.0,58.3,5,77.6,9,1,4,2,1
6.32,57.3,5,89.9,2,0,8,3,1
8.13,52.2,6,65.4,6,1,4,4,1
6.65,65.3,8,73.5,3,0,0,1,0
5.39,67.9,2,61.4,6,0,3,1,0
5.8,66.8,6,89.3,6,0,1,8,1
8.13,57.3,9,76.9,3,1,4,5,1
4.89,45.5,6,67.8,7,0,8,2,0
8.24,72.0,3,79.1,2,1,5,5,1
6.94,62.2,1,63.6,9,0,7,7,1
5.69,75.3,6,65.6,10,1,1,8,1
6.36,73.9,8,60.5,1,0,8,3,0
5.88,40.7,6,65.2,8,0,4,2,0
7.95,40.5,10,94.3,10,1,3,10,1
7.81,50.7,7,69.2,1,1,7,7,1
5.11,46.2,6,83.6,8,0,1,10,1
6.56,73.3,1,68.0,10,0,5,4,0
6.05,67.3,6,87.1,2,0,4,2,0
8.42,78.5,2,65.7,6,1,1,4,0
5.51,67.9,8,78.5,8,1,10,4,1
8.76,65.1,2,78.6,3,1,3,8,1
6.96,80.0,10,100.0,2,1,0,8,1
5.72,69.0,4,85.6,4,1,4,1,1
6.25,63.0,5,70.9,3,0,10,6,1
6.12,84.2,2,86.2,7,0,7,4,1
5.6,63.7,3,100.0,4,1,7,7,1
7.1,57.4,10,58.4,4,0,9,4,1
5.65,49.4,3,67.9,10,0,0,6,0
4.6,72.5,6,75.2,6,1,6,8,1
6.58,80.6,10,73.0,10,1,3,3,1
5.02,61.2,7,74.0,7,1,7,2,1
6.17,81.6,1,62.3,9,0,9,8,1
6.0,32.4,4,94.8,2,1,0,10,1
6.04,61.2,4,60.9,10,0,1,5,1
9.2,61.4,3,75.6,10,0,10,10,1
7.06,51.1,3,90.5,0,1,5,2,0
7.27,97.8,6,77.6,3,1,3,9,1
5.05,61.0,4,66.2,4,1,1,10,1
6.28,55.9,3,61.8,4,1,3,3,1
7.24,62.4,5,75.2,8,1,0,2,1
5.87,32.0,4,68.9,7,0,2,7,0
8.0,50.6,3,80.5,2,0,2,9,0
5.68,76.7,5,61.2,6,1,0,1,0
6.68,52.6,10,87.8,10,1,10,7,1
6.36,49.6,6,79.4,4,0,8,9,0
7.18,81.6,6,80.3,10,0,10,1,1
6.3,82.1,10,95.3,7,0,2,6,1
6.7,69.8,7,72.7,10,0,3,1,1
6.74,55.2,3,69.3,9,1,3,2,1
6.19,58.4,4,71.4,0,0,6,5,1
7.53,49.9,5,75.7,8,0,1,4,1
7.26,47.1,5,76.9,2,1,2,1,0
6.9,46.3,2,68.0,9,0,10,9,1
6.53,52.7,2,53.7,8,0,3,3,0
7.88,46.5,4,71.3,2,0,8,9,1
6.74,38.5,10,82.3,0,0,2,2,1
6.66,65.3,8,79.6,4,0,10,6,1
7.12,65.5,9,92.4,3,0,7,8,1
8.87,87.5,2,100.0,6,0,9,5,1
5.53,52.0,5,87.1,0,0,5,5,0
7.85,66.4,6,94.6,0,0,9,8,1
4.92,66.7,5,87.2,4,0,3,1,0
7.24,58.2,5,98.5,8,1,5,9,1
8.73,73.2,4,100.0,3,0,0,7,0
7.54,73.6,1,89.4,3,0,1,8,0
7.19,66.9,9,86.5,1,1,8,5,1
6.38,58.2,10,75.5,3,0,3,4,1
7.03,56.6,1,77.5,3,0,1,6,1
6.72,41.5,5,73.9,2,1,3,7,0
6.14,49.9,6,85.5,3,0,3,10,1
6.68,52.7,8,69.4,3,0,7,9,1
7.22,45.1,10,75.7,7,1,0,1,1
6.16,68.6,5,49.7,3,1,0,2,0
6.11,79.9,8,98.7,8,0,7,10,1
5.5,48.4,10,75.4,6,0,1,4,0
7.43,66.3,9,83.5,7,0,4,6,1
7.6,46.5,3,95.5,6,1,7,1,1
7.25,57.4,9,81.6,10,0,5,2,1
8.06,51.6,5,95.3,2,0,1,5,1
7.1,71.0,1,63.1,10,0,7,8,1
7.43,51.8,8,100.0,2,1,0,8,1
7.33,77.2,9,91.0,1,0,2,9,0
6.9,58.3,4,80.5,9,0,1,2,0
6.42,52.3,5,95.1,9,0,5,3,1
9.44,43.2,4,64.0,1,1,7,6,1
